slack,bin_lower,bin_upper,probability
-835.0,-843.5,-826.5,5.7872460531538696e-08
-818.0,-826.5,-813.5,3.5840742955088755e-08
-809.0,-813.5,-804.0,4.0103211537578694e-08
-799.0,-804.0,-795.5,9.080504527499736e-08
-792.0,-795.5,-787.0,7.425044068806433e-08
-782.0,-787.0,-781.5,2.7983318518322402e-08
-781.0,-781.5,-777.0,2.8327784777175895e-08
-773.0,-777.0,-768.5,1.2492722603033333e-07
-764.0,-768.5,-760.0,6.967049973112257e-08
-756.0,-760.0,-755.5,1.1509624616115398e-07
-755.0,-755.5,-750.0,3.882975851284999e-08
-745.0,-750.0,-741.5,1.7509956954700533e-07
-738.0,-741.5,-733.0,1.427531932024921e-07
-728.0,-733.0,-724.5,1.6071885640729087e-07
-721.0,-724.5,-720.0,2.3272309448302529e-07
-719.0,-720.0,-713.5,1.1912888426592803e-07
-708.0,-713.5,-706.0,1.3549245613268053e-07
-704.0,-706.0,-703.0,7.097565906587078e-08
-702.0,-703.0,-698.5,3.632211642457658e-07
-695.0,-698.5,-693.0,1.5755955888526092e-07
-691.0,-693.0,-688.0,4.950090035595038e-07
-685.0,-688.0,-684.0,1.7679103085270956e-07
-683.0,-684.0,-682.5,3.6178655205065903e-07
-682.0,-682.5,-680.0,2.744667050631392e-07
-678.0,-680.0,-677.0,1.915438754076242e-07
-676.0,-677.0,-674.0,6.858841948362309e-07
-672.0,-674.0,-670.0,3.076536510351598e-07
-668.0,-670.0,-667.5,2.1463687980756931e-07
-667.0,-667.5,-666.5,2.1708469655137826e-07
-666.0,-666.5,-665.5,2.1955870627644557e-07
-665.0,-665.5,-662.0,3.3308875265987223e-07
-659.0,-662.0,-658.0,4.15856469111099e-07
-657.0,-658.0,-656.0,6.076176640892629e-07
-655.0,-656.0,-654.5,6.214436102580607e-07
-654.0,-654.5,-652.0,2.513866867250667e-07
-650.0,-652.0,-649.5,5.258482229587511e-07
-649.0,-649.5,-648.5,3.988275849637006e-07
-648.0,-648.5,-647.5,1.3443861835010338e-07
-647.0,-647.5,-646.5,1.359504779659996e-07
-646.0,-646.5,-644.0,1.374782606467975e-07
-642.0,-644.0,-641.0,5.750069559430462e-07
-640.0,-641.0,-638.5,4.409643211495063e-07
-637.0,-638.5,-634.0,9.118250530715078e-07
-631.0,-634.0,-630.5,4.872430462360583e-07
-630.0,-630.5,-629.5,4.926567170303614e-07
-629.0,-629.5,-628.5,8.302110483298976e-07
-628.0,-628.5,-627.0,3.3576888016637263e-07
-626.0,-627.0,-625.0,6.865056216314982e-07
-624.0,-625.0,-623.5,1.7544626767386835e-07
-623.0,-623.5,-622.5,1.7738587518217783e-07
-622.0,-622.5,-621.5,7.173820725580101e-07
-621.0,-621.5,-620.5,9.066269347861965e-07
-620.0,-620.5,-619.0,1.833256736707637e-07
-618.0,-619.0,-616.0,3.747765542356811e-07
-614.0,-616.0,-613.0,5.873013941106552e-07
-612.0,-613.0,-611.5,4.001732024907053e-07
-611.0,-611.5,-610.0,1.2136773869767677e-06
-609.0,-610.0,-608.5,2.067329923308135e-07
-608.0,-608.5,-606.5,4.1798776015914333e-07
-605.0,-606.5,-604.5,5.397895377348238e-07
-604.0,-604.5,-603.5,6.548108306681209e-07
-603.0,-603.5,-602.0,9.929190663392612e-07
-601.0,-602.0,-600.5,9.019128556986997e-07
-600.0,-600.5,-597.5,2.279297942395728e-07
-595.0,-597.5,-594.5,7.216951592731121e-07
-594.0,-594.5,-593.5,7.295076584139832e-07
-593.0,-593.5,-592.5,4.915992950459854e-07
-592.0,-592.5,-591.5,2.484565798170101e-07
-591.0,-591.5,-590.5,5.02280521839983e-07
-590.0,-590.5,-589.0,1.269254687040172e-06
-588.0,-589.0,-587.0,6.916113945993011e-07
-586.0,-587.0,-585.0,5.299371996929505e-07
-584.0,-585.0,-583.5,1.8948717508197096e-06
-583.0,-583.5,-582.5,8.208080533666626e-07
-582.0,-582.5,-581.0,8.296153395878087e-07
-580.0,-581.0,-578.5,1.412490800387773e-06
-577.0,-578.5,-576.5,1.0208178687510502e-06
-576.0,-576.5,-575.5,2.9477790947103516e-07
-575.0,-575.5,-574.0,2.085471608700284e-06
-573.0,-574.0,-572.5,6.086233739628917e-07
-572.0,-572.5,-571.5,6.15105640997127e-07
-571.0,-571.5,-570.0,1.8649562105452232e-06
-569.0,-570.0,-568.5,1.1111445413389563e-06
-568.0,-568.5,-567.5,1.9250464485520547e-06
-567.0,-567.5,-566.5,1.2969821389489118e-06
-566.0,-566.5,-565.5,9.830506441010352e-07
-565.0,-565.5,-564.5,9.934662485129236e-07
-564.0,-564.5,-563.5,1.6733072153334298e-06
-563.0,-563.5,-562.5,1.014605805146349e-06
-562.0,-562.5,-560.0,8.544430021787259e-07
-558.0,-560.0,-557.0,4.7524301795421983e-07
-556.0,-557.0,-555.5,1.819883232167463e-06
-555.0,-555.5,-554.5,1.1034125442797327e-06
-554.0,-554.5,-553.5,1.1150071486961173e-06
-553.0,-553.5,-552.5,7.511431643313307e-07
-552.0,-552.5,-551.5,1.2650403771066378e-06
-551.0,-551.5,-550.5,1.5339639158971181e-06
-550.0,-550.5,-549.5,1.162525556473703e-06
-549.0,-549.5,-548.0,9.789126861344789e-07
-547.0,-548.0,-546.5,1.199389840285607e-06
-546.0,-546.5,-545.5,1.009930734156337e-06
-545.0,-545.5,-544.5,1.8368477256893075e-06
-544.0,-544.5,-543.5,1.2373357143607682e-06
-543.0,-543.5,-542.0,1.2502296465740781e-06
-541.0,-542.0,-540.5,2.5527839057933754e-06
-540.0,-540.5,-539.5,8.597750109044198e-07
-539.0,-539.5,-538.0,1.3030608269347661e-06
-537.0,-538.0,-536.5,1.108537634260627e-06
-536.0,-536.5,-535.5,1.3440334419440246e-06
-535.0,-535.5,-534.5,9.053026563085789e-07
-534.0,-534.5,-533.5,2.5153478880253267e-06
-533.0,-533.5,-532.5,1.8482619524393846e-06
-532.0,-532.5,-531.0,7.002603642469814e-07
-530.0,-531.0,-529.5,9.530541257969216e-07
-529.0,-529.5,-528.5,1.2035998040605818e-06
-528.0,-528.5,-527.5,9.727992267986159e-07
-527.0,-527.5,-526.5,7.371098136643225e-07
-526.0,-526.5,-525.0,2.1099597430803164e-06
-524.0,-525.0,-523.5,3.0402890469527382e-06
-523.0,-523.5,-522.5,1.0238296452821358e-06
-522.0,-522.5,-521.5,2.3272384883846514e-06
-521.0,-521.5,-520.5,5.224631215918052e-07
-520.0,-520.5,-519.5,5.278122877499075e-07
-519.0,-519.5,-518.5,3.1992722166184006e-06
-518.0,-518.5,-517.5,2.693313994723698e-06
-517.0,-517.5,-516.5,1.2697183608247793e-06
-516.0,-516.5,-515.5,2.1988764534195573e-06
-515.0,-515.5,-514.5,3.3319532739306802e-06
-514.0,-514.5,-513.5,1.6829542618373065e-06
-513.0,-513.5,-512.5,1.558417263646159e-06
-512.0,-512.5,-511.5,1.7173898880675892e-06
-511.0,-511.5,-510.5,5.782835368648933e-07
-510.0,-510.5,-509.5,2.0445542874721016e-06
-509.0,-509.5,-508.5,1.180176501770921e-06
-508.0,-508.5,-507.5,3.2784050819956643e-06
-507.0,-507.5,-506.5,3.311632707430225e-06
-506.0,-506.5,-505.0,1.8246386470408702e-06
-504.0,-505.0,-503.5,1.6548796052589092e-06
-503.0,-503.5,-502.5,2.507399754195061e-06
-502.0,-502.5,-501.5,3.1658920326149675e-06
-501.0,-501.5,-500.5,1.9186972363954967e-06
-500.0,-500.5,-499.5,2.907056018219779e-06
-499.0,-499.5,-498.5,1.6312975307329775e-06
-498.0,-498.5,-497.5,2.8560390609350584e-06
-497.0,-497.5,-496.5,1.6642843172818897e-06
-496.0,-496.5,-495.5,1.7930743710033438e-06
-495.0,-495.5,-494.5,2.0374618048203488e-06
-494.0,-494.5,-493.5,2.743869516740169e-06
-493.0,-493.5,-492.5,1.3856874807645337e-06
-492.0,-492.5,-491.5,1.399567081528458e-06
-491.0,-491.5,-490.5,2.355957687651008e-06
-490.0,-490.5,-489.5,2.4984944834240203e-06
-489.0,-489.5,-488.5,2.162966566340124e-06
-488.0,-488.5,-487.5,4.369126259056981e-06
-487.0,-487.5,-486.5,1.225754451635858e-06
-486.0,-486.5,-485.5,2.971137135199193e-06
-485.0,-485.5,-484.0,1.5003661941845495e-06
-483.0,-484.0,-482.5,3.0607381587713212e-06
-482.0,-482.5,-481.5,3.0911531442736637e-06
-481.0,-481.5,-480.5,2.8616920460178582e-06
-480.0,-480.5,-479.5,4.729227907053312e-06
-479.0,-479.5,-478.5,3.184073642774508e-06
-478.0,-478.5,-477.5,3.6175649491919217e-06
-477.0,-477.5,-476.5,2.4355798969306228e-06
-476.0,-476.5,-475.5,2.8696112408848506e-06
-475.0,-475.5,-474.5,2.897967770444781e-06
-474.0,-474.5,-473.5,2.508498465134203e-06
-473.0,-473.5,-472.5,1.9703030974313483e-06
-472.0,-472.5,-471.5,1.7054795337266753e-06
-471.0,-471.5,-470.5,8.61139221126084e-07
-470.0,-470.5,-469.5,3.1885868123984603e-06
-469.0,-469.5,-468.5,3.512665890051244e-06
-468.0,-468.5,-467.5,2.8820853773376414e-06
-467.0,-467.5,-466.5,2.6865068751571357e-06
-466.0,-466.5,-465.0,1.8085749433617783e-06
-464.0,-465.0,-463.5,2.766286573926838e-06
-463.0,-463.5,-462.5,3.103732238408186e-06
-462.0,-462.5,-461.5,9.402247551705243e-07
-461.0,-461.5,-460.5,2.136175702722047e-06
-460.0,-460.5,-459.5,1.438020492832251e-06
-459.0,-459.5,-458.5,3.630120477043684e-06
-458.0,-458.5,-457.5,4.235692415597162e-06
-457.0,-457.5,-456.5,2.9609611622307483e-06
-456.0,-456.5,-455.5,1.9931830359145523e-06
-455.0,-455.5,-454.0,2.0125630935212644e-06
-453.0,-454.0,-452.0,3.847203825884275e-06
-451.0,-452.0,-450.5,3.8350068622848735e-06
-450.0,-450.5,-449.5,2.11207818885931e-06
-449.0,-449.5,-448.5,1.332821168762812e-06
-448.0,-448.5,-447.5,2.6914129775546327e-06
-447.0,-447.5,-446.5,1.0869645740005791e-06
-446.0,-446.5,-445.5,2.194911600405751e-06
-445.0,-445.5,-444.5,1.662059385942804e-06
-444.0,-444.5,-443.5,2.7967916776093447e-06
-443.0,-443.5,-442.5,3.3884633160123618e-06
-442.0,-442.5,-441.5,3.4210608866336615e-06
-441.0,-441.5,-440.5,2.302629963737893e-06
-440.0,-440.5,-439.5,5.57938836499247e-06
-439.0,-439.5,-438.5,3.989992348543143e-06
-438.0,-438.5,-437.5,5.331507716733784e-06
-437.0,-437.5,-436.5,4.784521318531013e-06
-436.0,-436.5,-435.5,2.415160874285242e-06
-435.0,-435.5,-434.5,5.689276062600538e-06
-434.0,-434.5,-433.5,3.692344642314675e-06
-433.0,-433.5,-432.5,8.07647168025565e-06
-432.0,-432.5,-431.5,4.264922740297948e-06
-431.0,-431.5,-430.5,4.115628228097108e-06
-430.0,-430.5,-429.5,5.965909679871972e-06
-429.0,-429.5,-428.5,3.871728154014723e-06
-428.0,-428.5,-427.5,3.474262546567207e-06
-427.0,-427.5,-426.5,3.0688635561241673e-06
-426.0,-426.5,-425.5,5.9747094765146435e-06
-425.0,-425.5,-424.0,3.350768029254447e-06
-423.0,-424.0,-422.5,4.6437966984788625e-06
-422.0,-422.5,-421.5,4.411985849936781e-06
-421.0,-421.5,-420.5,2.783559898844684e-06
-420.0,-420.5,-419.5,4.917242818167014e-06
-419.0,-419.5,-418.5,4.538195650455638e-06
-418.0,-418.5,-417.5,2.1473395067565746e-06
-417.0,-417.5,-416.5,7.94776385678805e-06
-416.0,-416.5,-415.5,2.431086529725467e-06
-415.0,-415.5,-414.5,3.926326338494166e-06
-414.0,-414.5,-413.5,4.830183250341252e-06
-413.0,-413.5,-412.5,6.0006654590330895e-06
-412.0,-412.5,-411.5,3.331331672264127e-06
-411.0,-411.5,-410.5,5.094790134656147e-06
-410.0,-410.5,-409.5,6.942390210203254e-06
-409.0,-409.5,-408.5,4.671574786420976e-06
-408.0,-408.5,-407.5,4.322319648933653e-06
-407.0,-407.5,-406.5,5.288124370089141e-06
-406.0,-406.5,-405.5,4.163241300250917e-06
-405.0,-405.5,-404.5,1.131327090788211e-05
-404.0,-404.5,-403.5,5.709350358674793e-06
-403.0,-403.5,-402.5,5.4097044835686085e-06
-402.0,-402.5,-401.5,5.9822964883694e-06
-401.0,-401.5,-400.5,5.590651960337586e-06
-400.0,-400.5,-399.5,5.078317346073758e-06
-399.0,-399.5,-398.0,5.125441712472861e-06
-397.0,-398.0,-396.5,5.655957082812369e-06
-396.0,-396.5,-395.5,3.8640849267617695e-06
-395.0,-395.5,-394.5,4.9634064764416286e-06
-394.0,-394.5,-393.5,5.068902107319589e-06
-393.0,-393.5,-392.5,6.13883786468662e-06
-392.0,-392.5,-391.5,6.37768250666468e-06
-391.0,-391.5,-390.5,9.194943227684511e-06
-390.0,-390.5,-389.5,5.196582992546867e-06
-389.0,-389.5,-388.5,4.2142445580886525e-06
-388.0,-388.5,-387.5,4.725537319476982e-06
-387.0,-387.5,-386.5,5.245832825341609e-06
-386.0,-386.5,-385.5,3.0801288943142953e-06
-385.0,-385.5,-384.5,5.8281928038692775e-06
-384.0,-384.5,-383.5,5.554828638056725e-06
-383.0,-383.5,-382.5,3.956944159662866e-06
-382.0,-382.5,-381.5,7.130589205172135e-06
-381.0,-381.5,-380.5,5.037018802158839e-06
-380.0,-380.5,-379.5,7.6245029615817995e-06
-379.0,-379.5,-378.5,2.5646823376208755e-06
-378.0,-378.5,-377.5,4.140887708362156e-06
-377.0,-377.5,-376.5,4.775533350042442e-06
-376.0,-376.5,-375.5,5.62214115862671e-06
-375.0,-375.5,-374.5,6.382398741284819e-06
-374.0,-374.5,-373.5,1.1163291860627915e-05
-373.0,-373.5,-372.5,6.498798018780162e-06
-372.0,-372.5,-371.5,5.464761769362785e-06
-371.0,-371.5,-370.5,6.932213004842093e-06
-370.0,-370.5,-369.5,1.112832720207875e-05
-369.0,-369.5,-368.5,5.240176119462734e-06
-368.0,-368.5,-367.5,7.251450463561448e-06
-367.0,-367.5,-366.5,8.002862409074152e-06
-366.0,-366.5,-365.5,8.767179410512379e-06
-365.0,-365.5,-364.5,8.147791837911704e-06
-364.0,-364.5,-363.5,5.4807607074663475e-06
-363.0,-363.5,-362.5,5.688058629861182e-06
-362.0,-362.5,-361.5,1.0163121350891601e-05
-361.0,-361.5,-360.5,1.045543795554615e-05
-360.0,-360.5,-359.5,7.303313249240859e-06
-359.0,-359.5,-358.5,9.415651885781513e-06
-358.0,-358.5,-357.5,9.558973502936042e-06
-357.0,-357.5,-356.5,9.168225395760733e-06
-356.0,-356.5,-355.5,4.20462734273055e-06
-355.0,-355.5,-354.5,1.7817152686923257e-05
-354.0,-354.5,-353.5,8.560065739781365e-06
-353.0,-353.5,-352.5,1.0881839845885295e-05
-352.0,-352.5,-351.5,1.0455969490222195e-05
-351.0,-351.5,-350.5,5.274510728124352e-06
-350.0,-350.5,-349.5,6.9178317052295106e-06
-349.0,-349.5,-348.5,8.053023215534652e-06
-348.0,-348.5,-347.5,8.575860158989532e-06
-347.0,-347.5,-346.5,1.0928726735656677e-05
-346.0,-346.5,-345.5,1.0566155272971147e-05
-345.0,-345.5,-344.5,9.269292080101845e-06
-344.0,-344.5,-343.5,1.028639656140297e-05
-343.0,-343.5,-342.5,8.018813381738238e-06
-342.0,-342.5,-341.5,5.7103092085222845e-06
-341.0,-341.5,-340.5,7.5608865900527995e-06
-340.0,-340.5,-339.5,1.0170020738403187e-05
-339.0,-339.5,-338.5,9.21266766425345e-06
-338.0,-338.5,-337.5,8.871265567021914e-06
-337.0,-337.5,-336.5,1.2528923843437591e-05
-336.0,-336.5,-335.5,9.62966552133032e-06
-335.0,-335.5,-334.5,6.4507987863135925e-06
-334.0,-334.5,-333.5,1.122834945145529e-05
-333.0,-333.5,-332.5,1.2356372773397408e-05
-332.0,-332.5,-331.5,1.3243508448385281e-05
-331.0,-331.5,-330.5,1.0328175833306984e-05
-330.0,-330.5,-329.5,1.268323718957333e-05
-329.0,-329.5,-328.5,8.31603596043281e-06
-328.0,-328.5,-327.5,1.1522705410567416e-05
-327.0,-327.5,-326.5,5.424095296891225e-06
-326.0,-326.5,-325.5,1.3131103241682271e-05
-325.0,-325.5,-324.5,1.1826124538465855e-05
-324.0,-324.5,-323.5,1.0497381166220507e-05
-323.0,-323.5,-322.5,8.98416039702231e-06
-322.0,-322.5,-321.5,1.1893942627054477e-05
-321.0,-321.5,-320.5,1.1996966918955234e-05
-320.0,-320.5,-319.5,1.185383376454223e-05
-319.0,-319.5,-318.5,1.3949043472498404e-05
-318.0,-318.5,-317.5,1.3064570651119419e-05
-317.0,-317.5,-316.5,1.2670501123045162e-05
-316.0,-316.5,-315.5,8.945825300460208e-06
-315.0,-315.5,-314.5,1.533891027073293e-05
-314.0,-314.5,-313.5,8.493840995668572e-06
-313.0,-313.5,-312.5,1.1626474633550356e-05
-312.0,-312.5,-311.5,7.86900063569615e-06
-311.0,-311.5,-310.5,1.2605090355827387e-05
-310.0,-310.5,-309.5,7.533734542091558e-06
-309.0,-309.5,-308.5,1.181953968485618e-05
-308.0,-308.5,-307.5,9.305446958180661e-06
-307.0,-307.5,-306.5,1.3310778241007868e-05
-306.0,-306.5,-305.5,1.2666660299795957e-05
-305.0,-305.5,-304.5,1.27747736641358e-05
-304.0,-304.5,-303.5,1.1326337316435458e-05
-303.0,-303.5,-302.5,1.1494224071328051e-05
-302.0,-302.5,-301.5,8.870443969483042e-06
-301.0,-301.5,-300.5,1.084348458251255e-05
-300.0,-300.5,-299.5,1.5817575199336052e-05
-299.0,-299.5,-298.5,1.4245051036235308e-05
-298.0,-298.5,-297.5,1.4597554411508297e-05
-297.0,-297.5,-296.5,1.261819219555843e-05
-296.0,-296.5,-295.5,1.1876660211145525e-05
-295.0,-295.5,-294.5,1.2832597231539473e-05
-294.0,-294.5,-293.5,1.1503119765790914e-05
-293.0,-293.5,-292.5,1.242879592258012e-05
-292.0,-292.5,-291.5,1.2282928301038363e-05
-291.0,-291.5,-290.5,1.9169437034908902e-05
-290.0,-290.5,-289.5,1.586115092511105e-05
-289.0,-289.5,-288.5,1.4619992474725985e-05
-288.0,-288.5,-287.5,1.3041717489850001e-05
-287.0,-287.5,-286.5,1.5247738229280533e-05
-286.0,-286.5,-285.5,1.983450984172341e-05
-285.0,-285.5,-284.5,1.2791121883793927e-05
-284.0,-284.5,-283.5,1.5946830524452192e-05
-283.0,-283.5,-282.5,1.6890929158994736e-05
-282.0,-282.5,-281.5,1.1922416305117465e-05
-281.0,-281.5,-280.5,1.1754759251042977e-05
-280.0,-280.5,-279.5,1.2122144636650084e-05
-279.0,-279.5,-278.5,1.575423859831677e-05
-278.0,-278.5,-277.5,1.4789798390898881e-05
-277.0,-277.5,-276.5,1.4202624849296154e-05
-276.0,-276.5,-275.5,1.7314893478503267e-05
-275.0,-275.5,-274.5,1.6605331615857625e-05
-274.0,-274.5,-273.5,1.9363630639703406e-05
-273.0,-273.5,-272.5,1.6698158622265664e-05
-272.0,-272.5,-271.5,1.6281277626126636e-05
-271.0,-271.5,-270.5,1.2767892693985447e-05
-270.0,-270.5,-269.5,1.6756612060483463e-05
-269.0,-269.5,-268.5,2.057552654827152e-05
-268.0,-268.5,-267.5,1.606073783035403e-05
-267.0,-267.5,-266.5,1.7392471700294898e-05
-266.0,-266.5,-265.5,1.781040532175289e-05
-265.0,-265.5,-264.5,1.8289317323074064e-05
-264.0,-264.5,-263.5,1.8176066372085383e-05
-263.0,-263.5,-262.5,2.1069511057799044e-05
-262.0,-262.5,-261.5,2.5558767461364917e-05
-261.0,-261.5,-260.5,2.1258615878329376e-05
-260.0,-260.5,-259.5,1.8574827928302005e-05
-259.0,-259.5,-258.5,1.3828879523252362e-05
-258.0,-258.5,-257.5,1.6846304800871718e-05
-257.0,-257.5,-256.5,1.3469826101147786e-05
-256.0,-256.5,-255.5,1.5182130020512563e-05
-255.0,-255.5,-254.5,1.934471262942441e-05
-254.0,-254.5,-253.5,1.7251785218607954e-05
-253.0,-253.5,-252.5,2.6886083266024697e-05
-252.0,-252.5,-251.5,1.9515086982048384e-05
-251.0,-251.5,-250.5,1.5369777096523355e-05
-250.0,-250.5,-249.5,1.3772687256183552e-05
-249.0,-249.5,-248.5,2.1015535920936323e-05
-248.0,-248.5,-247.5,1.889511363425448e-05
-247.0,-247.5,-246.5,2.1869600632395623e-05
-246.0,-246.5,-245.5,1.991256452852736e-05
-245.0,-245.5,-244.5,2.0277897022051998e-05
-244.0,-244.5,-243.5,1.440174511805657e-05
-243.0,-243.5,-242.5,1.6390841578731654e-05
-242.0,-242.5,-241.5,1.7348699529753e-05
-241.0,-241.5,-240.5,1.465660095311949e-05
-240.0,-240.5,-239.5,2.1825464783380242e-05
-239.0,-239.5,-238.5,1.4505727274347395e-05
-238.0,-238.5,-237.5,2.047058643075249e-05
-237.0,-237.5,-236.5,1.3756196083009984e-05
-236.0,-236.5,-235.5,1.9065885481553784e-05
-235.0,-235.5,-234.5,1.2229673172032368e-05
-234.0,-234.5,-233.5,2.4654372564351628e-05
-233.0,-233.5,-232.5,2.3430715441251707e-05
-232.0,-232.5,-231.5,1.3662825160191783e-05
-231.0,-231.5,-230.5,2.6231316685090393e-05
-230.0,-230.5,-229.5,1.8177253675513266e-05
-229.0,-229.5,-228.5,2.290183850816789e-05
-228.0,-228.5,-227.5,2.09289121886879e-05
-227.0,-227.5,-226.5,1.9628158122011763e-05
-226.0,-226.5,-225.5,2.1261492538921685e-05
-225.0,-225.5,-224.5,1.512671090702902e-05
-224.0,-224.5,-223.5,2.382207341682883e-05
-223.0,-223.5,-222.5,2.3049547788070115e-05
-222.0,-222.5,-221.5,2.71030026958454e-05
-221.0,-221.5,-220.5,2.062660982235497e-05
-220.0,-220.5,-219.5,2.8092961669241596e-05
-219.0,-219.5,-218.5,2.3783446948486497e-05
-218.0,-218.5,-217.5,1.4648378525182391e-05
-217.0,-217.5,-216.5,2.6842195350784877e-05
-216.0,-216.5,-215.5,3.381549941340357e-05
-215.0,-215.5,-214.5,2.8627237676189814e-05
-214.0,-214.5,-213.5,2.922565578271083e-05
-213.0,-213.5,-212.5,2.55615107118141e-05
-212.0,-212.5,-211.5,2.2326093437506843e-05
-211.0,-211.5,-210.5,2.7843810195425063e-05
-210.0,-210.5,-209.5,1.7951185182183127e-05
-209.0,-209.5,-208.5,2.8921426855996296e-05
-208.0,-208.5,-207.5,2.282338839822446e-05
-207.0,-207.5,-206.5,3.287758629534889e-05
-206.0,-206.5,-205.5,3.361969602100313e-05
-205.0,-205.5,-204.5,2.4104383928969547e-05
-204.0,-204.5,-203.5,2.926470321123605e-05
-203.0,-203.5,-202.5,2.774239898045754e-05
-202.0,-202.5,-201.5,3.7001357285600194e-05
-201.0,-201.5,-200.5,2.5318149659528352e-05
-200.0,-200.5,-199.5,3.878008703023384e-05
-199.0,-199.5,-198.5,1.953928215109144e-05
-198.0,-198.5,-197.5,3.2643143138175865e-05
-197.0,-197.5,-196.5,3.289387013342806e-05
-196.0,-196.5,-195.5,2.841108240149408e-05
-195.0,-195.5,-194.5,4.008039593657654e-05
-194.0,-194.5,-193.5,2.8046733668009217e-05
-193.0,-193.5,-192.5,3.1837184880599586e-05
-192.0,-192.5,-191.5,3.417266670493979e-05
-191.0,-191.5,-190.5,2.131598879235732e-05
-190.0,-190.5,-189.5,2.973950822049811e-05
-189.0,-189.5,-188.5,2.0809757962338913e-05
-188.0,-188.5,-187.5,3.56839168267297e-05
-187.0,-187.5,-186.5,3.4111322507133e-05
-186.0,-186.5,-185.5,3.7157145111159e-05
-185.0,-185.5,-184.5,3.56918634275634e-05
-184.0,-184.5,-183.5,3.5567147584121675e-05
-183.0,-183.5,-182.5,3.6582987514462994e-05
-182.0,-182.5,-181.5,2.369548070416375e-05
-181.0,-181.5,-180.5,2.804304485052135e-05
-180.0,-180.5,-179.5,3.970926519424065e-05
-179.0,-179.5,-178.5,2.6159478410261925e-05
-178.0,-178.5,-177.5,3.0053537288594724e-05
-177.0,-177.5,-176.5,3.777306261197765e-05
-176.0,-176.5,-175.5,2.7865205675715695e-05
-175.0,-175.5,-174.5,2.9597802952208217e-05
-174.0,-174.5,-173.5,3.80201892760402e-05
-173.0,-173.5,-172.5,3.4603257496106727e-05
-172.0,-172.5,-171.5,3.579767887736703e-05
-171.0,-171.5,-170.5,2.8068540644068488e-05
-170.0,-170.5,-169.5,4.696910166028183e-05
-169.0,-169.5,-168.5,4.06233145081846e-05
-168.0,-168.5,-167.5,4.84430450891806e-05
-167.0,-167.5,-166.5,4.188511416536788e-05
-166.0,-166.5,-165.5,3.263640231228842e-05
-165.0,-165.5,-164.5,4.3838426352319155e-05
-164.0,-164.5,-163.5,3.372501023764818e-05
-163.0,-163.5,-162.5,2.224552289608479e-05
-162.0,-162.5,-161.5,3.4379331820581575e-05
-161.0,-161.5,-160.5,3.883700344326079e-05
-160.0,-160.5,-159.5,3.912394267564986e-05
-159.0,-159.5,-158.5,4.3738475933929874e-05
-158.0,-158.5,-157.5,3.4619307746184224e-05
-157.0,-157.5,-156.5,2.445727629184177e-05
-156.0,-156.5,-155.5,4.087950299783207e-05
-155.0,-155.5,-154.5,4.687892331467387e-05
-154.0,-154.5,-153.5,4.88612605464339e-05
-153.0,-153.5,-152.5,4.439805032457316e-05
-152.0,-152.5,-151.5,4.6860777475355555e-05
-151.0,-151.5,-150.5,4.505051502478929e-05
-150.0,-150.5,-149.5,3.915120009153047e-05
-149.0,-149.5,-148.5,5.067523825511048e-05
-148.0,-148.5,-147.5,3.345795882702646e-05
-147.0,-147.5,-146.5,4.617011870906063e-05
-146.0,-146.5,-145.5,4.333525503794386e-05
-145.0,-145.5,-144.5,4.15210076242208e-05
-144.0,-144.5,-143.5,4.182252537640427e-05
-143.0,-143.5,-142.5,4.625589250352267e-05
-142.0,-142.5,-141.5,2.9466073961962872e-05
-141.0,-141.5,-140.5,3.703983167105469e-05
-140.0,-140.5,-139.5,4.612207850121248e-05
-139.0,-139.5,-138.5,5.3294421142468916e-05
-138.0,-138.5,-137.5,5.4588719611250085e-05
-137.0,-137.5,-136.5,3.560746311940028e-05
-136.0,-136.5,-135.5,3.937984363629199e-05
-135.0,-135.5,-134.5,4.462088759021758e-05
-134.0,-134.5,-133.5,3.8521190646692836e-05
-133.0,-133.5,-132.5,4.410322623854838e-05
-132.0,-132.5,-131.5,4.2331938612126924e-05
-131.0,-131.5,-130.5,4.017528407864984e-05
-130.0,-130.5,-129.5,4.705423263261417e-05
-129.0,-129.5,-128.5,4.1094068537636175e-05
-128.0,-128.5,-127.5,4.548421244440901e-05
-127.0,-127.5,-126.5,5.650263859576995e-05
-126.0,-126.5,-125.5,5.638665160266901e-05
-125.0,-125.5,-124.5,6.616775621962302e-05
-124.0,-124.5,-123.5,4.063575105967924e-05
-123.0,-123.5,-122.5,5.669692374637702e-05
-122.0,-122.5,-121.5,5.8730181157342384e-05
-121.0,-121.5,-120.5,4.5767731951224034e-05
-120.0,-120.5,-119.5,4.6717081936173036e-05
-119.0,-119.5,-118.5,4.760718595940017e-05
-118.0,-118.5,-117.5,4.8242761565057175e-05
-117.0,-117.5,-116.5,5.4671177358920565e-05
-116.0,-116.5,-115.5,5.7058129710808915e-05
-115.0,-115.5,-114.5,5.018696692194598e-05
-114.0,-114.5,-113.5,5.3802468207933745e-05
-113.0,-113.5,-112.5,4.191282182689444e-05
-112.0,-112.5,-111.5,4.921956864268005e-05
-111.0,-111.5,-110.5,4.9758523649396224e-05
-110.0,-110.5,-109.5,6.625191378946211e-05
-109.0,-109.5,-108.5,5.50991906806198e-05
-108.0,-108.5,-107.5,5.998230634217733e-05
-107.0,-107.5,-106.5,5.340662164345537e-05
-106.0,-106.5,-105.5,4.903678744932442e-05
-105.0,-105.5,-104.5,6.200929068651641e-05
-104.0,-104.5,-103.5,5.550221069399803e-05
-103.0,-103.5,-102.5,4.524207765013574e-05
-102.0,-102.5,-101.5,6.127674739248304e-05
-101.0,-101.5,-100.5,3.8887123792024146e-05
-100.0,-100.5,-99.5,4.160324143320235e-05
-99.0,-99.5,-98.5,6.533519312904665e-05
-98.0,-98.5,-97.5,5.987590753960068e-05
-97.0,-97.5,-96.5,5.211376577380285e-05
-96.0,-96.5,-95.5,5.714192947174898e-05
-95.0,-95.5,-94.5,6.068907263540253e-05
-94.0,-94.5,-93.5,5.169938729242221e-05
-93.0,-93.5,-92.5,6.518315135100243e-05
-92.0,-92.5,-91.5,7.157321854279248e-05
-91.0,-91.5,-90.5,5.9336076450116714e-05
-90.0,-90.5,-89.5,6.589151634044075e-05
-89.0,-89.5,-88.5,6.151654077379903e-05
-88.0,-88.5,-87.5,7.535551201207603e-05
-87.0,-87.5,-86.5,6.23579050493422e-05
-86.0,-86.5,-85.5,5.580635877240306e-05
-85.0,-85.5,-84.5,5.759023316233045e-05
-84.0,-84.5,-83.5,6.363783120265086e-05
-83.0,-83.5,-82.5,5.837423222708132e-05
-82.0,-82.5,-81.5,5.989577865918859e-05
-81.0,-81.5,-80.5,5.240726871980165e-05
-80.0,-80.5,-79.5,7.570104486086375e-05
-79.0,-79.5,-78.5,6.928353274528279e-05
-78.0,-78.5,-77.5,6.380880927388098e-05
-77.0,-77.5,-76.5,5.506147861899701e-05
-76.0,-76.5,-75.5,7.014246602828461e-05
-75.0,-75.5,-74.5,7.941344916794262e-05
-74.0,-74.5,-73.5,4.395690838889106e-05
-73.0,-73.5,-72.5,8.06994221944612e-05
-72.0,-72.5,-71.5,7.168193838991412e-05
-71.0,-71.5,-70.5,8.553964666409632e-05
-70.0,-70.5,-69.5,8.155199097107483e-05
-69.0,-69.5,-68.5,7.03678904936209e-05
-68.0,-68.5,-67.5,7.361453454211594e-05
-67.0,-67.5,-66.5,5.754674844915621e-05
-66.0,-66.5,-65.5,7.576967742557154e-05
-65.0,-65.5,-64.5,8.028694881249698e-05
-64.0,-64.5,-63.5,6.56061920271946e-05
-63.0,-63.5,-62.5,7.626973654100093e-05
-62.0,-62.5,-61.5,6.923634431738832e-05
-61.0,-61.5,-60.5,7.981054489190701e-05
-60.0,-60.5,-59.5,8.254060273708719e-05
-59.0,-59.5,-58.5,7.51717417928008e-05
-58.0,-58.5,-57.5,6.809988613666693e-05
-57.0,-57.5,-56.5,8.551747107698947e-05
-56.0,-56.5,-55.5,6.867827776784609e-05
-55.0,-55.5,-54.5,6.216224822174054e-05
-54.0,-54.5,-53.5,7.494707361688258e-05
-53.0,-53.5,-52.5,8.130783693051523e-05
-52.0,-52.5,-51.5,7.744243893408571e-05
-51.0,-51.5,-50.5,6.543032121873357e-05
-50.0,-50.5,-49.5,0.00010961701787813925
-49.0,-49.5,-48.5,7.259858902136562e-05
-48.0,-48.5,-47.5,8.71720818693074e-05
-47.0,-47.5,-46.5,9.754433977065031e-05
-46.0,-46.5,-45.5,8.484445399551766e-05
-45.0,-45.5,-44.5,0.00010216807039987456
-44.0,-44.5,-43.5,9.254634012664278e-05
-43.0,-43.5,-42.5,6.835233440373238e-05
-42.0,-42.5,-41.5,8.5506178584317e-05
-41.0,-41.5,-40.5,0.00011265711566330321
-40.0,-40.5,-39.5,9.612875518378375e-05
-39.0,-39.5,-38.5,8.422547202528748e-05
-38.0,-38.5,-37.5,0.00011165487573090791
-37.0,-37.5,-36.5,9.792355646486166e-05
-36.0,-36.5,-35.5,8.211007458449376e-05
-35.0,-35.5,-34.5,9.365370933677574e-05
-34.0,-34.5,-33.5,8.01145457937056e-05
-33.0,-33.5,-32.5,7.800508814386219e-05
-32.0,-32.5,-31.5,7.706330416691121e-05
-31.0,-31.5,-30.5,8.123315662841952e-05
-30.0,-30.5,-29.5,8.488109421715363e-05
-29.0,-29.5,-28.5,0.00011368398607234715
-28.0,-28.5,-27.5,7.91916604898448e-05
-27.0,-27.5,-26.5,8.775344254902747e-05
-26.0,-26.5,-25.5,0.00010180973313002917
-25.0,-25.5,-24.5,0.00010601692713119923
-24.0,-24.5,-23.5,9.698753261055742e-05
-23.0,-23.5,-22.5,9.88471871045361e-05
-22.0,-22.5,-21.5,7.767234078456325e-05
-21.0,-21.5,-20.5,7.747767557700547e-05
-20.0,-20.5,-19.5,0.0001072526120144795
-19.0,-19.5,-18.5,9.510937999210645e-05
-18.0,-18.5,-17.5,9.774164965060006e-05
-17.0,-17.5,-16.5,0.00010359887013291476
-16.0,-16.5,-15.5,0.00011474564341091057
-15.0,-15.5,-14.5,9.09797460175171e-05
-14.0,-14.5,-13.5,0.00010762955750614712
-13.0,-13.5,-12.5,0.00010813738012996865
-12.0,-12.5,-11.5,0.00011322109073566084
-11.0,-11.5,-10.5,0.00011595182422506574
-10.0,-10.5,-9.5,9.293830601088613e-05
-9.0,-9.5,-8.5,9.187348368560645e-05
-8.0,-8.5,-7.5,8.138909669696855e-05
-7.0,-7.5,-6.5,9.554070956919996e-05
-6.0,-6.5,-5.5,0.00011113481621952054
-5.0,-5.5,-4.5,0.00011151006331960255
-4.0,-4.5,-3.5,0.00010658666835410685
-3.0,-3.5,-2.5,0.00010724194917398756
-2.0,-2.5,-1.5,9.762418210625743e-05
-1.0,-1.5,-0.5,0.00010052043093222639
0.0,-0.5,0.5,9.764224589792706e-05
1.0,0.5,1.5,0.00010696444927565108
2.0,1.5,2.5,0.00011210190604395911
3.0,2.5,3.5,0.00010991647741107135
4.0,3.5,4.5,0.0001151625326804653
5.0,4.5,5.5,0.0001264275184411976
6.0,5.5,6.5,0.00011328375415607168
7.0,6.5,7.5,0.00010406071867805818
8.0,7.5,8.5,0.00011083997689986952
9.0,8.5,9.5,0.00012204341901150453
10.0,9.5,10.5,0.00010530777124369638
11.0,10.5,11.5,0.00010980446567467378
12.0,11.5,12.5,9.983936537532391e-05
13.0,12.5,13.5,9.84711296546389e-05
14.0,13.5,14.5,0.0001347260882960516
15.0,14.5,15.5,9.467533730509824e-05
16.0,15.5,16.5,0.00010587032090997858
17.0,16.5,17.5,0.00014733821360605605
18.0,17.5,18.5,0.0001039963418859973
19.0,18.5,19.5,0.00012247918127624523
20.0,19.5,20.5,0.00012614349582712141
21.0,20.5,21.5,0.00012559664562838778
22.0,21.5,22.5,0.00011775483121180303
23.0,22.5,23.5,0.0001159208122408575
24.0,23.5,24.5,0.00014079490539137818
25.0,24.5,25.5,0.00010654561518942249
26.0,25.5,26.5,0.00013093930915387202
27.0,26.5,27.5,0.00013517943310578992
28.0,27.5,28.5,0.00013097268981579146
29.0,28.5,29.5,0.0001242905119045108
30.0,29.5,30.5,0.0001307050815750447
31.0,30.5,31.5,0.00013366478048199072
32.0,31.5,32.5,0.00014757832045086174
33.0,32.5,33.5,0.0001313155531564304
34.0,33.5,34.5,0.0001034719140554025
35.0,34.5,35.5,0.0001121519440785241
36.0,35.5,36.5,0.0001353682902199543
37.0,36.5,37.5,0.00012171679348891976
38.0,37.5,38.5,0.00012744030666092003
39.0,38.5,39.5,0.00014053009746004542
40.0,39.5,40.5,0.00015833990269948446
41.0,40.5,41.5,0.00013531189897178714
42.0,41.5,42.5,0.00016784385064702028
43.0,42.5,43.5,0.00014277633891648424
44.0,43.5,44.5,0.0001531260691680725
45.0,44.5,45.5,0.00013309458078464065
46.0,45.5,46.5,0.00014776901636718925
47.0,46.5,47.5,0.00013315200181151658
48.0,47.5,48.5,0.00017989516217533616
49.0,48.5,49.5,0.0001598052066199336
50.0,49.5,50.5,0.00015761508982352934
51.0,50.5,51.5,0.00018559893725130004
52.0,51.5,52.5,0.00014677875020610006
53.0,52.5,53.5,0.00014529418617912655
54.0,53.5,54.5,0.00016263585224314206
55.0,54.5,55.5,0.0001349666271829985
56.0,55.5,56.5,0.0001299054171265245
57.0,56.5,57.5,0.00013641116069627683
58.0,57.5,58.5,0.00018632468882673242
59.0,58.5,59.5,0.00014507364808355095
60.0,59.5,60.5,0.00012631544142260775
61.0,60.5,61.5,0.00014416819208877568
62.0,61.5,62.5,0.00016969945104290213
63.0,62.5,63.5,0.0001466641679468976
64.0,63.5,64.5,0.00011912514189993914
65.0,64.5,65.5,0.00017808391821692515
66.0,65.5,66.5,0.00015877351682799774
67.0,66.5,67.5,0.00013652153584073793
68.0,67.5,68.5,0.00013643356186617174
69.0,68.5,69.5,0.00015198497556952696
70.0,69.5,70.5,0.00013990570871268376
71.0,70.5,71.5,0.00012976142835867955
72.0,71.5,72.5,0.000161036084419441
73.0,72.5,73.5,0.00019482143635615924
74.0,73.5,74.5,0.00015485488628115635
75.0,74.5,75.5,0.00018385221567266828
76.0,75.5,76.5,0.00015720056741546997
77.0,76.5,77.5,0.0001356950815395333
78.0,77.5,78.5,0.00020546408659353628
79.0,78.5,79.5,0.0001936930191628574
80.0,79.5,80.5,0.00016478083281414296
81.0,80.5,81.5,0.00018208449335958664
82.0,81.5,82.5,0.0001875535833185089
83.0,82.5,83.5,0.000190525947922051
84.0,83.5,84.5,0.00018309815044251104
85.0,84.5,85.5,0.00015923536922096102
86.0,85.5,86.5,0.00021517771372524605
87.0,86.5,87.5,0.00015486430056606422
88.0,87.5,88.5,0.00016668384659926104
89.0,88.5,89.5,0.00019526943040532464
90.0,89.5,90.5,0.0002149089342606092
91.0,90.5,91.5,0.0002001497155190753
92.0,91.5,92.5,0.0001681911709553053
93.0,92.5,93.5,0.00023665657586830497
94.0,93.5,94.5,0.0001584201889383179
95.0,94.5,95.5,0.00016034413270166374
96.0,95.5,96.5,0.00016558517554486217
97.0,96.5,97.5,0.00023018416666802417
98.0,97.5,98.5,0.0001891470054081509
99.0,98.5,99.5,0.00019015758097656025
100.0,99.5,100.5,0.0001825800530895525
101.0,100.5,101.5,0.00015588479730360295
102.0,101.5,102.5,0.000202121017933577
103.0,102.5,103.5,0.00020915239697004296
104.0,103.5,104.5,0.0001822736070875166
105.0,104.5,105.5,0.00019299460232066656
106.0,105.5,106.5,0.00023060077671423096
107.0,106.5,107.5,0.0002273602335404302
108.0,107.5,108.5,0.00020398759803236008
109.0,108.5,109.5,0.00021524539508344857
110.0,109.5,110.5,0.00021285431793482116
111.0,110.5,111.5,0.00021245387822073708
112.0,111.5,112.5,0.0002231014381232988
113.0,112.5,113.5,0.00020101683681636817
114.0,113.5,114.5,0.00018590167935827757
115.0,114.5,115.5,0.00022268023068648928
116.0,115.5,116.5,0.00017183684679947573
117.0,116.5,117.5,0.0001989342398265507
118.0,117.5,118.5,0.00022223376055923922
119.0,118.5,119.5,0.00025058514061639196
120.0,119.5,120.5,0.00024738455315996056
121.0,120.5,121.5,0.00020903904677580984
122.0,121.5,122.5,0.00022523812444611533
123.0,122.5,123.5,0.00024708223752661803
124.0,123.5,124.5,0.00019690440452082227
125.0,124.5,125.5,0.0001797535552984171
126.0,125.5,126.5,0.0002372049614910019
127.0,126.5,127.5,0.00016270663139884988
128.0,127.5,128.5,0.0002689284280872008
129.0,128.5,129.5,0.00021062839286706907
130.0,129.5,130.5,0.00022595141903151124
131.0,130.5,131.5,0.00016654116973709656
132.0,131.5,132.5,0.0002381800014182226
133.0,132.5,133.5,0.00021525277362551421
134.0,133.5,134.5,0.00023297835305141664
135.0,134.5,135.5,0.00022659311562529488
136.0,135.5,136.5,0.0002730709729838072
137.0,136.5,137.5,0.0002117939680030879
138.0,137.5,138.5,0.00022604059338655793
139.0,138.5,139.5,0.0002542467628083416
140.0,139.5,140.5,0.0002682990708143868
141.0,140.5,141.5,0.0002542354418178021
142.0,141.5,142.5,0.00027854431770102264
143.0,142.5,143.5,0.00020963280986602007
144.0,143.5,144.5,0.0002648711993329142
145.0,144.5,145.5,0.00027746949175360455
146.0,145.5,146.5,0.00025028405862257314
147.0,146.5,147.5,0.00030501007105041065
148.0,147.5,148.5,0.00024228256490307237
149.0,148.5,149.5,0.0002236515416112276
150.0,149.5,150.5,0.00027843397256223465
151.0,150.5,151.5,0.0003200665368414369
152.0,151.5,152.5,0.0002521971813240529
153.0,152.5,153.5,0.0002604771206664844
154.0,153.5,154.5,0.00026826431737723993
155.0,154.5,155.5,0.0002910571106226466
156.0,155.5,156.5,0.0002839716171610655
157.0,156.5,157.5,0.00029391017266469367
158.0,157.5,158.5,0.00027206537654171376
159.0,158.5,159.5,0.00030756398575267416
160.0,159.5,160.5,0.0002584316301939183
161.0,160.5,161.5,0.00024367120614300427
162.0,161.5,162.5,0.0002794919238560233
163.0,162.5,163.5,0.0002300334936400301
164.0,163.5,164.5,0.00029917508567337366
165.0,164.5,165.5,0.00030147059159701007
166.0,165.5,166.5,0.00031042004198206425
167.0,166.5,167.5,0.0002974757389849374
168.0,167.5,168.5,0.000278794428573972
169.0,168.5,169.5,0.0003150574583803071
170.0,169.5,170.5,0.0002810617746033173
171.0,170.5,171.5,0.0002669254255685002
172.0,171.5,172.5,0.00024130067782420828
173.0,172.5,173.5,0.0003684098074665817
174.0,173.5,174.5,0.00030963528282168713
175.0,174.5,175.5,0.00028460057023948875
176.0,175.5,176.5,0.00032644475366668695
177.0,176.5,177.5,0.0002666504449691025
178.0,177.5,178.5,0.0002857695572399504
179.0,178.5,179.5,0.0002531560922082651
180.0,179.5,180.5,0.00027681141744838295
181.0,180.5,181.5,0.0002626505466648137
182.0,181.5,182.5,0.0003267686971664245
183.0,182.5,183.5,0.00028975671343545113
184.0,183.5,184.5,0.0002731282209350963
185.0,184.5,185.5,0.00029809286249413917
186.0,185.5,186.5,0.00036826222606714895
187.0,186.5,187.5,0.0002751090116368504
188.0,187.5,188.5,0.0002838232218473256
189.0,188.5,189.5,0.0002882715584577883
190.0,189.5,190.5,0.00028016120867559955
191.0,190.5,191.5,0.0003559350585212122
192.0,191.5,192.5,0.0003016022350072423
193.0,192.5,193.5,0.00029788347008782726
194.0,193.5,194.5,0.00031781168766909873
195.0,194.5,195.5,0.00031887627096934977
196.0,195.5,196.5,0.0003727546457868476
197.0,196.5,197.5,0.00033805245543667013
198.0,197.5,198.5,0.0003272207682762621
199.0,198.5,199.5,0.0003004214534236751
200.0,199.5,200.5,0.0003725678743134329
201.0,200.5,201.5,0.0003835117120146016
202.0,201.5,202.5,0.0003276066613728411
203.0,202.5,203.5,0.00031417235936829504
204.0,203.5,204.5,0.0003399921124283581
205.0,204.5,205.5,0.00032354943810410504
206.0,205.5,206.5,0.00035645718155282477
207.0,206.5,207.5,0.0003264647033646989
208.0,207.5,208.5,0.000321096471430682
209.0,208.5,209.5,0.00035268651467047584
210.0,209.5,210.5,0.00029283671009171507
211.0,210.5,211.5,0.0003551508246191138
212.0,211.5,212.5,0.0003338224557572397
213.0,212.5,213.5,0.00035276974138471594
214.0,213.5,214.5,0.00035684049784875016
215.0,214.5,215.5,0.00040092990587196214
216.0,215.5,216.5,0.00039287047981650177
217.0,216.5,217.5,0.00040447889993475627
218.0,217.5,218.5,0.00033172470386522005
219.0,218.5,219.5,0.0003586346193755664
220.0,219.5,220.5,0.00032018535848267357
221.0,220.5,221.5,0.00032746847107300014
222.0,221.5,222.5,0.00032225598817155914
223.0,222.5,223.5,0.00041239873799104324
224.0,223.5,224.5,0.0003859361750692982
225.0,224.5,225.5,0.00040863423689818375
226.0,225.5,226.5,0.00037269505931209737
227.0,226.5,227.5,0.00038748458717938953
228.0,227.5,228.5,0.00035441137799759856
229.0,228.5,229.5,0.00033560209128568
230.0,229.5,230.5,0.000373160803595838
231.0,230.5,231.5,0.0004051525506957743
232.0,231.5,232.5,0.0003606633027169489
233.0,232.5,233.5,0.0003206354649494142
234.0,233.5,234.5,0.0003508125970992617
235.0,234.5,235.5,0.00033476902786944775
236.0,235.5,236.5,0.0004104577613272764
237.0,236.5,237.5,0.0003880813991402186
238.0,237.5,238.5,0.00034641225554435536
239.0,238.5,239.5,0.0003404974154399783
240.0,239.5,240.5,0.00044534418225624175
241.0,240.5,241.5,0.0003822435184203702
242.0,241.5,242.5,0.00033251418562085875
243.0,242.5,243.5,0.00041423174270748626
244.0,243.5,244.5,0.00038686733940488294
245.0,244.5,245.5,0.000315486289024146
246.0,245.5,246.5,0.0003297569473360153
247.0,246.5,247.5,0.00038105575210742944
248.0,247.5,248.5,0.00031822638344925473
249.0,248.5,249.5,0.0003428410563525002
250.0,249.5,250.5,0.0004405362138882171
251.0,250.5,251.5,0.00040302372606226323
252.0,251.5,252.5,0.0004350112876486456
253.0,252.5,253.5,0.000368339445225836
254.0,253.5,254.5,0.00044252331648813323
255.0,254.5,255.5,0.0003801986229818498
256.0,255.5,256.5,0.00045494148487157317
257.0,256.5,257.5,0.00036077494005109145
258.0,257.5,258.5,0.00045809492549645756
259.0,258.5,259.5,0.0004339987894823759
260.0,259.5,260.5,0.00048418514521011996
261.0,260.5,261.5,0.0004038098795479847
262.0,261.5,262.5,0.0004126885359425186
263.0,262.5,263.5,0.0004488898017582449
264.0,263.5,264.5,0.0004874748864905595
265.0,264.5,265.5,0.00033686522334235876
266.0,265.5,266.5,0.0003999782132089891
267.0,266.5,267.5,0.0003693682913184085
268.0,267.5,268.5,0.0004612020291285961
269.0,268.5,269.5,0.0004487155362664216
270.0,269.5,270.5,0.000439903160158328
271.0,270.5,271.5,0.00045438879814447636
272.0,271.5,272.5,0.00035375324121961156
273.0,272.5,273.5,0.00047918139739929367
274.0,273.5,274.5,0.0004190055326345801
275.0,274.5,275.5,0.0004151044722492426
276.0,275.5,276.5,0.0004577929001032271
277.0,276.5,277.5,0.00042952929395490637
278.0,277.5,278.5,0.0003993970963752225
279.0,278.5,279.5,0.000453833953371415
280.0,279.5,280.5,0.0004938487045362159
281.0,280.5,281.5,0.00044502963213409593
282.0,281.5,282.5,0.0003926119002480244
283.0,282.5,283.5,0.0004983379430783483
284.0,283.5,284.5,0.0003884477592027065
285.0,284.5,285.5,0.0005144619879530898
286.0,285.5,286.5,0.0004926321583667323
287.0,286.5,287.5,0.00044916560165714887
288.0,287.5,288.5,0.0004953506827610501
289.0,288.5,289.5,0.0005142554332906084
290.0,289.5,290.5,0.0004769332887484463
291.0,290.5,291.5,0.000448926560504835
292.0,291.5,292.5,0.000534646003255086
293.0,292.5,293.5,0.0004980534761241077
294.0,293.5,294.5,0.0004245233111278914
295.0,294.5,295.5,0.00047409126540170755
296.0,295.5,296.5,0.0005407217446415547
297.0,296.5,297.5,0.00042337266441165475
298.0,297.5,298.5,0.0005085505221290517
299.0,298.5,299.5,0.00046512758935946544
300.0,299.5,300.5,0.0004895486352885742
301.0,300.5,301.5,0.0004172670223493572
302.0,301.5,302.5,0.0005342631819073713
303.0,302.5,303.5,0.000501864273374705
304.0,303.5,304.5,0.000604798984852722
305.0,304.5,305.5,0.0005332583362859555
306.0,305.5,306.5,0.0005476168839466423
307.0,306.5,307.5,0.0005418483857655537
308.0,307.5,308.5,0.0004974282326875674
309.0,308.5,309.5,0.0005034855086749335
310.0,309.5,310.5,0.0005150188757195361
311.0,310.5,311.5,0.0005131090094943612
312.0,311.5,312.5,0.0005344817612327911
313.0,312.5,313.5,0.0004157203962193084
314.0,313.5,314.5,0.0005511794677339998
315.0,314.5,315.5,0.0005112082700778764
316.0,315.5,316.5,0.00045273052191385424
317.0,316.5,317.5,0.00044152046294618653
318.0,317.5,318.5,0.0005156590747580173
319.0,318.5,319.5,0.0006234855353923176
320.0,319.5,320.5,0.0004543956708673486
321.0,320.5,321.5,0.0005520705500699122
322.0,321.5,322.5,0.0005582036692939693
323.0,322.5,323.5,0.0005042733224415192
324.0,323.5,324.5,0.0005392496716146654
325.0,324.5,325.5,0.0005728010105093996
326.0,325.5,326.5,0.00044967647980119783
327.0,326.5,327.5,0.0005517700801967802
328.0,327.5,328.5,0.0005352068167616344
329.0,328.5,329.5,0.0005460959923821779
330.0,329.5,330.5,0.00048786080560848553
331.0,330.5,331.5,0.0005499450998832867
332.0,331.5,332.5,0.0005531547586535935
333.0,332.5,333.5,0.0005448471455095906
334.0,333.5,334.5,0.0006538440557889643
335.0,334.5,335.5,0.0005553376238144085
336.0,335.5,336.5,0.0005552622742279707
337.0,336.5,337.5,0.0004985279200872498
338.0,337.5,338.5,0.0006160435851634668
339.0,338.5,339.5,0.0006258471868582035
340.0,339.5,340.5,0.0006649896986944147
341.0,340.5,341.5,0.000554350838012827
342.0,341.5,342.5,0.00046089356145660406
343.0,342.5,343.5,0.0005221431234462522
344.0,343.5,344.5,0.0005919304240625196
345.0,344.5,345.5,0.0004888626328996392
346.0,345.5,346.5,0.0005429878432514108
347.0,346.5,347.5,0.0006196664770170484
348.0,347.5,348.5,0.0005531386182093548
349.0,348.5,349.5,0.0005168677472544733
350.0,349.5,350.5,0.000636699774247647
351.0,350.5,351.5,0.0006017623865666802
352.0,351.5,352.5,0.0006137220858683163
353.0,352.5,353.5,0.0005131436929185178
354.0,353.5,354.5,0.0005550769494243381
355.0,354.5,355.5,0.000653086910230001
356.0,355.5,356.5,0.0005830644131358769
357.0,356.5,357.5,0.0006157831292368586
358.0,357.5,358.5,0.0005560345060674224
359.0,358.5,359.5,0.0006084870197431877
360.0,359.5,360.5,0.0006597191078316862
361.0,360.5,361.5,0.0005927297613011268
362.0,361.5,362.5,0.0006729137584357399
363.0,362.5,363.5,0.000575674231318241
364.0,363.5,364.5,0.000670170625952074
365.0,364.5,365.5,0.0006805581000423012
366.0,365.5,366.5,0.0005334078710841684
367.0,366.5,367.5,0.0006250460426501378
368.0,367.5,368.5,0.0005890073847261944
369.0,368.5,369.5,0.0007209249216496649
370.0,369.5,370.5,0.0005406433887537226
371.0,370.5,371.5,0.0005441629799735238
372.0,371.5,372.5,0.0006508802170807045
373.0,372.5,373.5,0.000715840234554347
374.0,373.5,374.5,0.0005665443708655487
375.0,374.5,375.5,0.0005242328430540035
376.0,375.5,376.5,0.0007534375400882299
377.0,376.5,377.5,0.0006172167009826389
378.0,377.5,378.5,0.0007570254773849876
379.0,378.5,379.5,0.000619800713521943
380.0,379.5,380.5,0.0006822986672427282
381.0,380.5,381.5,0.0007073769590621155
382.0,381.5,382.5,0.0006726600661731878
383.0,382.5,383.5,0.0006357134051230005
384.0,383.5,384.5,0.0007591453178553691
385.0,384.5,385.5,0.0006057308764852111
386.0,385.5,386.5,0.0006616732992323383
387.0,386.5,387.5,0.0006637067271973092
388.0,387.5,388.5,0.0006455672045184867
389.0,388.5,389.5,0.0007058779969321162
390.0,389.5,390.5,0.0006928167228562056
391.0,390.5,391.5,0.0006867070377164558
392.0,391.5,392.5,0.0006402664181998903
393.0,392.5,393.5,0.000614110757722217
394.0,393.5,394.5,0.0006967563260943045
395.0,394.5,395.5,0.0006899301582684188
396.0,395.5,396.5,0.0006898285473899765
397.0,396.5,397.5,0.00077392289502584
398.0,397.5,398.5,0.0006273240246715682
399.0,398.5,399.5,0.0006521590343961835
400.0,399.5,400.5,0.0006168132875596312
401.0,400.5,401.5,0.0007940003073107205
402.0,401.5,402.5,0.0007883646202326748
403.0,402.5,403.5,0.000643103984033685
404.0,403.5,404.5,0.0007382569785644232
405.0,404.5,405.5,0.0006208010011797739
406.0,405.5,406.5,0.0006244472027067841
407.0,406.5,407.5,0.0006170851118831991
408.0,407.5,408.5,0.0006910443396759982
409.0,408.5,409.5,0.0006737010526757973
410.0,409.5,410.5,0.0007338304076598734
411.0,410.5,411.5,0.0006911501897176969
412.0,411.5,412.5,0.0007618275746515817
413.0,412.5,413.5,0.0007778796320966732
414.0,413.5,414.5,0.0006141251093211734
415.0,414.5,415.5,0.0007063860304273628
416.0,415.5,416.5,0.0005704969056420098
417.0,416.5,417.5,0.0007161016357889313
418.0,417.5,418.5,0.0007431826708203629
419.0,418.5,419.5,0.0006999179309877215
420.0,419.5,420.5,0.0007334991828920283
421.0,420.5,421.5,0.000751504091067181
422.0,421.5,422.5,0.0005977909398868865
423.0,422.5,423.5,0.0007212890416826892
424.0,423.5,424.5,0.0007873008170267726
425.0,424.5,425.5,0.0007669281392870155
426.0,425.5,426.5,0.0006609020179465733
427.0,426.5,427.5,0.0006662689925184876
428.0,427.5,428.5,0.0008128353406894544
429.0,428.5,429.5,0.0007269495274888977
430.0,429.5,430.5,0.0007800910491405424
431.0,430.5,431.5,0.0007647643804015249
432.0,431.5,432.5,0.0008211335923063468
433.0,432.5,433.5,0.0007246927040465957
434.0,433.5,434.5,0.0006526706904399875
435.0,434.5,435.5,0.0007869292001792954
436.0,435.5,436.5,0.0006972782930455351
437.0,436.5,437.5,0.0007772343239350852
438.0,437.5,438.5,0.0006996870382234562
439.0,438.5,439.5,0.0008890622526403547
440.0,439.5,440.5,0.000814479703276987
441.0,440.5,441.5,0.0007507787967825119
442.0,441.5,442.5,0.0006575843926280124
443.0,442.5,443.5,0.0007917398661139299
444.0,443.5,444.5,0.0009421950071471379
445.0,444.5,445.5,0.0007723740031634468
446.0,445.5,446.5,0.000768862383401682
447.0,446.5,447.5,0.0008011797622441793
448.0,447.5,448.5,0.0007871285448902288
449.0,448.5,449.5,0.0008973566235100867
450.0,449.5,450.5,0.0007355340571563723
451.0,450.5,451.5,0.000733873006714613
452.0,451.5,452.5,0.0007803439982691275
453.0,452.5,453.5,0.0007065736625055683
454.0,453.5,454.5,0.0009202788288196959
455.0,454.5,455.5,0.0007114920401062306
456.0,455.5,456.5,0.0008592564786271464
457.0,456.5,457.5,0.0007660941882949017
458.0,457.5,458.5,0.000791427648096752
459.0,458.5,459.5,0.0008001225876535983
460.0,459.5,460.5,0.0008306734516760211
461.0,460.5,461.5,0.0007987530157860784
462.0,461.5,462.5,0.0006567959596660698
463.0,462.5,463.5,0.0008642531934738633
464.0,463.5,464.5,0.000818252963658462
465.0,464.5,465.5,0.0007232744983812679
466.0,465.5,466.5,0.0007529906018760451
467.0,466.5,467.5,0.0007871555418447155
468.0,467.5,468.5,0.0008354889030885383
469.0,468.5,469.5,0.000901235976274555
470.0,469.5,470.5,0.0007833825549886309
471.0,470.5,471.5,0.0008483744174817478
472.0,471.5,472.5,0.0008861701959684283
473.0,472.5,473.5,0.000740397576969679
474.0,473.5,474.5,0.0009570267967807218
475.0,474.5,475.5,0.0007733956003572038
476.0,475.5,476.5,0.0009288002388515463
477.0,476.5,477.5,0.0008565732270731213
478.0,477.5,478.5,0.0007290556543438342
479.0,478.5,479.5,0.0008503486403737073
480.0,479.5,480.5,0.0008523396032279945
481.0,480.5,481.5,0.0010134681499371963
482.0,481.5,482.5,0.0009350208201756752
483.0,482.5,483.5,0.000752437649798983
484.0,483.5,484.5,0.0008677245558796994
485.0,484.5,485.5,0.0007671605091905011
486.0,485.5,486.5,0.0008388223562680402
487.0,486.5,487.5,0.0008303606377413832
488.0,487.5,488.5,0.0009417916723603866
489.0,488.5,489.5,0.0008293515449577501
490.0,489.5,490.5,0.0008817500036024348
491.0,490.5,491.5,0.0009130278051477266
492.0,491.5,492.5,0.0010048940488010026
493.0,492.5,493.5,0.0010374594766154913
494.0,493.5,494.5,0.0008398653023399138
495.0,494.5,495.5,0.0008292493064411794
496.0,495.5,496.5,0.000959367290615703
497.0,496.5,497.5,0.0007970966738644948
498.0,497.5,498.5,0.000787822637676997
499.0,498.5,499.5,0.0006661823652165414
500.0,499.5,500.5,0.0007292266492118014
501.0,500.5,501.5,0.0008312000540632149
502.0,501.5,502.5,0.001056148846856238
503.0,502.5,503.5,0.0008791634696035259
504.0,503.5,504.5,0.000718383914595057
505.0,504.5,505.5,0.001020652660494078
506.0,505.5,506.5,0.0010228336442173118
507.0,506.5,507.5,0.0008236697499449777
508.0,507.5,508.5,0.0009090769915198648
509.0,508.5,509.5,0.0008650051498486823
510.0,509.5,510.5,0.0008536744793780352
511.0,510.5,511.5,0.0007517723497465034
512.0,511.5,512.5,0.0008416257214944656
513.0,512.5,513.5,0.000932084749128601
514.0,513.5,514.5,0.0007861088526801321
515.0,514.5,515.5,0.0009036735310638357
516.0,515.5,516.5,0.0008123504274681803
517.0,516.5,517.5,0.0007430350380784212
518.0,517.5,518.5,0.0008673704134615578
519.0,518.5,519.5,0.0009318001010902756
520.0,519.5,520.5,0.0009226226928491726
521.0,520.5,521.5,0.0008628068094170849
522.0,521.5,522.5,0.0009300541526674168
523.0,522.5,523.5,0.0008539729696343132
524.0,523.5,524.5,0.0010311448253436971
525.0,524.5,525.5,0.00073121278022171
526.0,525.5,526.5,0.0008317562276925914
527.0,526.5,527.5,0.000881349564830713
528.0,527.5,528.5,0.0009985601470365892
529.0,528.5,529.5,0.0009822069503605808
530.0,529.5,530.5,0.0010069377179551045
531.0,530.5,531.5,0.0009031980499067184
532.0,531.5,532.5,0.0010397221893481904
533.0,532.5,533.5,0.0009615906185879558
534.0,533.5,534.5,0.0009704061589399767
535.0,534.5,535.5,0.0008498485413988463
536.0,535.5,536.5,0.0010253583900248983
537.0,536.5,537.5,0.0011374346000405987
538.0,537.5,538.5,0.0010698390599894294
539.0,538.5,539.5,0.0011024159985753433
540.0,539.5,540.5,0.0008340592979106408
541.0,540.5,541.5,0.0010007127710022143
542.0,541.5,542.5,0.0010021783657364212
543.0,542.5,543.5,0.0010221733857041452
544.0,543.5,544.5,0.0009367629167140213
545.0,544.5,545.5,0.0008035227696836397
546.0,545.5,546.5,0.0008696735068626998
547.0,546.5,547.5,0.0010391654201117218
548.0,547.5,548.5,0.0008752299756396758
549.0,548.5,549.5,0.0008442439131012434
550.0,549.5,550.5,0.0009453190635372893
551.0,550.5,551.5,0.001101407501163429
552.0,551.5,552.5,0.0008818367432146787
553.0,552.5,553.5,0.00089871213791897
554.0,553.5,554.5,0.0010666406653663237
555.0,554.5,555.5,0.0009640682332433558
556.0,555.5,556.5,0.0010807194378812785
557.0,556.5,557.5,0.0008464974662887495
558.0,557.5,558.5,0.0009152586284960008
559.0,558.5,559.5,0.0009498876848964955
560.0,559.5,560.5,0.000930147124572937
561.0,560.5,561.5,0.0010436613676326407
562.0,561.5,562.5,0.0009850292432001398
563.0,562.5,563.5,0.0010732062015501882
564.0,563.5,564.5,0.0009994234196771977
565.0,564.5,565.5,0.0009518218076327521
566.0,565.5,566.5,0.0010215897050848011
567.0,566.5,567.5,0.0010112569605524632
568.0,567.5,568.5,0.0010067431453774035
569.0,568.5,569.5,0.001001473102644967
570.0,569.5,570.5,0.000875126268984793
571.0,570.5,571.5,0.0009243608085946907
572.0,571.5,572.5,0.0008316675108888723
573.0,572.5,573.5,0.0009832362765130353
574.0,573.5,574.5,0.0010836383396454132
575.0,574.5,575.5,0.001065984503205718
576.0,575.5,576.5,0.001035321869528821
577.0,576.5,577.5,0.0010713451161183114
578.0,577.5,578.5,0.000778938810841351
579.0,578.5,579.5,0.0010246291404207822
580.0,579.5,580.5,0.0011018388849029454
581.0,580.5,581.5,0.0010494483636223147
582.0,581.5,582.5,0.0010176005919980003
583.0,582.5,583.5,0.001285610439800182
584.0,583.5,584.5,0.000987565169887678
585.0,584.5,585.5,0.001057326750388941
586.0,585.5,586.5,0.0010138606138363527
587.0,586.5,587.5,0.0009401679984374959
588.0,587.5,588.5,0.0011937481400582821
589.0,588.5,589.5,0.0011202465536425297
590.0,589.5,590.5,0.0011686464033840085
591.0,590.5,591.5,0.0009109849991410749
592.0,591.5,592.5,0.0009863673079181603
593.0,592.5,593.5,0.0009362663884244729
594.0,593.5,594.5,0.0010747165878871726
595.0,594.5,595.5,0.0010509571819011982
596.0,595.5,596.5,0.001013898275551501
597.0,596.5,597.5,0.0012592200322947167
598.0,597.5,598.5,0.001031727308711806
599.0,598.5,599.5,0.001226898438619992
600.0,599.5,600.5,0.0009262329172590183
601.0,600.5,601.5,0.0010636882737987694
602.0,601.5,602.5,0.0011448187534284261
603.0,602.5,603.5,0.0009472485912181609
604.0,603.5,604.5,0.0010067781477619382
605.0,604.5,605.5,0.0009521378219358873
606.0,605.5,606.5,0.0011683368493751848
607.0,606.5,607.5,0.0009991431160528653
608.0,607.5,608.5,0.0011912244732031868
609.0,608.5,609.5,0.001202502999468903
610.0,609.5,610.5,0.0010953329741981422
611.0,610.5,611.5,0.0009074924277723258
612.0,611.5,612.5,0.0009910381005453605
613.0,612.5,613.5,0.000982641004265366
614.0,613.5,614.5,0.0010073328437395662
615.0,614.5,615.5,0.0010995155036443377
616.0,615.5,616.5,0.0010162285249277808
617.0,616.5,617.5,0.0010778104047967046
618.0,617.5,618.5,0.0011813300114659837
619.0,618.5,619.5,0.001071917008620456
620.0,619.5,620.5,0.001076935074557151
621.0,620.5,621.5,0.0010516754695104155
622.0,621.5,622.5,0.0010174706005785026
623.0,622.5,623.5,0.0012503534200610364
624.0,623.5,624.5,0.0010229058409189377
625.0,624.5,625.5,0.0012269827296876668
626.0,625.5,626.5,0.0009464835190591012
627.0,626.5,627.5,0.0010488897181091157
628.0,627.5,628.5,0.0010354865745428408
629.0,628.5,629.5,0.0012062814119651718
630.0,629.5,630.5,0.001048428334690316
631.0,630.5,631.5,0.0011146477675310212
632.0,631.5,632.5,0.0011889052996466641
633.0,632.5,633.5,0.0010786721673146128
634.0,633.5,634.5,0.0011518846174431497
635.0,634.5,635.5,0.001209807288270385
636.0,635.5,636.5,0.0009775701505380827
637.0,636.5,637.5,0.00125686936671558
638.0,637.5,638.5,0.0011595059924322472
639.0,638.5,639.5,0.001180307631835301
640.0,639.5,640.5,0.0009662752440219774
641.0,640.5,641.5,0.0012454176477512855
642.0,641.5,642.5,0.0011389088608907813
643.0,642.5,643.5,0.0011464712663110277
644.0,643.5,644.5,0.0011321263331003167
645.0,644.5,645.5,0.0008864092256143404
646.0,645.5,646.5,0.0011668970019435014
647.0,646.5,647.5,0.0011116834571360404
648.0,647.5,648.5,0.0010629904957850044
649.0,648.5,649.5,0.0009928126640911556
650.0,649.5,650.5,0.0009763751789580945
651.0,650.5,651.5,0.001160601670420385
652.0,651.5,652.5,0.0010859303875933026
653.0,652.5,653.5,0.0010754547010681358
654.0,653.5,654.5,0.0011534594027103025
655.0,654.5,655.5,0.0011926361927363357
656.0,655.5,656.5,0.0013258562227766964
657.0,656.5,657.5,0.001145427340310972
658.0,657.5,658.5,0.0012342099557475302
659.0,658.5,659.5,0.0011932373088752077
660.0,659.5,660.5,0.0011090325920117018
661.0,660.5,661.5,0.0010932323912809822
662.0,661.5,662.5,0.0011555048198789027
663.0,662.5,663.5,0.001275168435444858
664.0,663.5,664.5,0.0010264894376526218
665.0,664.5,665.5,0.0012490844846128092
666.0,665.5,666.5,0.0010066224439116856
667.0,666.5,667.5,0.0011159996549744548
668.0,667.5,668.5,0.0013155347338672258
669.0,668.5,669.5,0.0010501666253214356
670.0,669.5,670.5,0.0012984384857406227
671.0,670.5,671.5,0.0008931794858302545
672.0,671.5,672.5,0.0010759094607907852
673.0,672.5,673.5,0.00100662055108829
674.0,673.5,674.5,0.0008674472003160984
675.0,674.5,675.5,0.000898789192652766
676.0,675.5,676.5,0.0010944025310047332
677.0,676.5,677.5,0.0011685576351551149
678.0,677.5,678.5,0.0011261611526384642
679.0,678.5,679.5,0.001274041183351312
680.0,679.5,680.5,0.0014143552314779236
681.0,680.5,681.5,0.001105959173608571
682.0,681.5,682.5,0.0009727224443996053
683.0,682.5,683.5,0.000993430710934121
684.0,683.5,684.5,0.0011470022213955849
685.0,684.5,685.5,0.0010635027389728562
686.0,685.5,686.5,0.0010876161481913123
687.0,686.5,687.5,0.0011192076850119104
688.0,687.5,688.5,0.0010852158913617852
689.0,688.5,689.5,0.001248870237179578
690.0,689.5,690.5,0.0009720145563060369
691.0,690.5,691.5,0.0014993857145382558
692.0,691.5,692.5,0.0013904787268357052
693.0,692.5,693.5,0.0012183129213110234
694.0,693.5,694.5,0.001445875012925672
695.0,694.5,695.5,0.00119620867816721
696.0,695.5,696.5,0.0014382112347994132
697.0,696.5,697.5,0.0010030270331187771
698.0,697.5,698.5,0.001189679570335316
699.0,698.5,699.5,0.001295174089729184
700.0,699.5,700.5,0.0013340838147779708
701.0,700.5,701.5,0.0010679121666137725
702.0,701.5,702.5,0.000977913408759926
703.0,702.5,703.5,0.0011455482795173129
704.0,703.5,704.5,0.0011767794254270384
705.0,704.5,705.5,0.0010512980122769128
706.0,705.5,706.5,0.0011628190127840185
707.0,706.5,707.5,0.00101567851589527
708.0,707.5,708.5,0.001263668145399775
709.0,708.5,709.5,0.0013683469646141029
710.0,709.5,710.5,0.0011713217484682341
711.0,710.5,711.5,0.0014174425395326643
712.0,711.5,712.5,0.0010552904510632696
713.0,712.5,713.5,0.0012185851243849996
714.0,713.5,714.5,0.0011370267564926682
715.0,714.5,715.5,0.0008495508528244053
716.0,715.5,716.5,0.0011535229897454012
717.0,716.5,717.5,0.0010579023803513128
718.0,717.5,718.5,0.001411200830888294
719.0,718.5,719.5,0.0014015863557674192
720.0,719.5,720.5,0.0012082103825917668
721.0,720.5,721.5,0.001091963426074903
722.0,721.5,722.5,0.0011567047950274375
723.0,722.5,723.5,0.0011739752380815927
724.0,723.5,724.5,0.0010834834655259592
725.0,724.5,725.5,0.0012191329254702499
726.0,725.5,726.5,0.0011264643096409233
727.0,726.5,727.5,0.0013103014552072868
728.0,727.5,728.5,0.0013444263571314654
729.0,728.5,729.5,0.0012631260456131852
730.0,729.5,730.5,0.001031511788734188
731.0,730.5,731.5,0.0009602331341709873
732.0,731.5,732.5,0.0011276371975900226
733.0,732.5,733.5,0.0010943627874833556
734.0,733.5,734.5,0.0011405888507349771
735.0,734.5,735.5,0.001018982897936719
736.0,735.5,736.5,0.0012134450537772152
737.0,736.5,737.5,0.0012563197932773005
738.0,737.5,738.5,0.001314464465712925
739.0,738.5,739.5,0.0009214845422821284
740.0,739.5,740.5,0.0011427660165590754
741.0,740.5,741.5,0.0012990502798424853
742.0,741.5,742.5,0.0012297167886385885
743.0,742.5,743.5,0.0016213076654902165
744.0,743.5,744.5,0.0013245748376752194
745.0,744.5,745.5,0.0011348363558354813
746.0,745.5,746.5,0.0009440833384492987
747.0,746.5,747.5,0.0010692956499587637
748.0,747.5,748.5,0.0014184372263171545
749.0,748.5,749.5,0.001539145747941426
750.0,749.5,750.5,0.001482287044146095
751.0,750.5,751.5,0.0011904415162680207
752.0,751.5,752.5,0.001005594069245728
753.0,752.5,753.5,0.0011475242891237447
754.0,753.5,754.5,0.0009345886435852989
755.0,754.5,755.5,0.0012930809996962648
756.0,755.5,756.5,0.0010769897344935035
757.0,756.5,757.5,0.001017324614306655
758.0,757.5,758.5,0.0010824301062155024
759.0,758.5,759.5,0.001057846566312637
760.0,759.5,760.5,0.0012541005296096096
761.0,760.5,761.5,0.001333663184682794
762.0,761.5,762.5,0.0014729138504473804
763.0,762.5,763.5,0.001186051862916596
764.0,763.5,764.5,0.0009944431417217806
765.0,764.5,765.5,0.0013000583006305083
766.0,765.5,766.5,0.0011484929833614002
767.0,766.5,767.5,0.0011702636804905818
768.0,767.5,768.5,0.0013375491688953662
769.0,768.5,769.5,0.0010589678834849307
770.0,769.5,770.5,0.001121740351589166
771.0,770.5,771.5,0.001204505712063124
772.0,771.5,772.5,0.0008547465122842189
773.0,772.5,773.5,0.0012643311897793479
774.0,773.5,774.5,0.0010680195856712731
775.0,774.5,775.5,0.001040658968114711
776.0,775.5,776.5,0.001146368887122536
777.0,776.5,777.5,0.0011913087076094225
778.0,777.5,778.5,0.0010146663819983704
779.0,778.5,779.5,0.0012396279330086002
780.0,779.5,780.5,0.0011296626956508375
781.0,780.5,781.5,0.0009933329013585965
782.0,781.5,782.5,0.0013480523347815711
783.0,782.5,783.5,0.0015364533094456814
784.0,783.5,784.5,0.0008721938627532477
785.0,784.5,785.5,0.0012076707718972387
786.0,785.5,786.5,0.0013871859994188573
787.0,786.5,787.5,0.0010266276515644257
788.0,787.5,788.5,0.0011932100271668678
789.0,788.5,789.5,0.0014209118042126216
790.0,789.5,790.5,0.0010725480980201694
791.0,790.5,791.5,0.0016107774674095333
792.0,791.5,792.5,0.0010321805092263694
793.0,792.5,793.5,0.001117681686515954
794.0,793.5,794.5,0.001266980025448654
795.0,794.5,795.5,0.001002312006290306
796.0,795.5,796.5,0.001506967389203265
797.0,796.5,797.5,0.0012989161274586027
798.0,797.5,798.5,0.0010606150234260875
799.0,798.5,799.5,0.0011891510394295575
800.0,799.5,800.5,0.0012709420098473117
801.0,800.5,801.5,0.001024768249545284
802.0,801.5,802.5,0.001028966294966827
803.0,802.5,803.5,0.00121968829043998
804.0,803.5,804.5,0.0010313344289975834
805.0,804.5,805.5,0.0012710611403552773
806.0,805.5,806.5,0.001404775881057651
807.0,806.5,807.5,0.001017191956341582
808.0,807.5,808.5,0.001360921736311153
809.0,808.5,809.5,0.001351334974643114
810.0,809.5,810.5,0.0009601758046956126
811.0,810.5,811.5,0.0010620146698515985
812.0,811.5,812.5,0.0011895922779996569
813.0,812.5,813.5,0.0012426611758874157
814.0,813.5,814.5,0.0012659410523202625
815.0,814.5,815.5,0.0012936973772366895
816.0,815.5,816.5,0.001432591353183552
817.0,816.5,817.5,0.0010615519757612578
818.0,817.5,818.5,0.0013265234984247004
819.0,818.5,819.5,0.0011400831796109451
820.0,819.5,820.5,0.0011382828322902257
821.0,820.5,821.5,0.0010709635601795675
822.0,821.5,822.5,0.0010584452395864662
823.0,822.5,823.5,0.0010691315007712084
824.0,823.5,824.5,0.0012576187690075248
825.0,824.5,825.5,0.001232978934971334
826.0,825.5,826.5,0.0010875128581491068
827.0,826.5,827.5,0.001240940907273319
828.0,827.5,828.5,0.0011848708885549655
829.0,828.5,829.5,0.0011586490042020925
830.0,829.5,830.5,0.0014155487856849015
831.0,830.5,831.5,0.001089594975806928
832.0,831.5,832.5,0.0013741799438615789
833.0,832.5,833.5,0.0013608291706205143
834.0,833.5,834.5,0.001745630113656074
835.0,834.5,835.5,0.000990582425478964
836.0,835.5,836.5,0.0010419032379654373
837.0,836.5,837.5,0.0011998980326804215
838.0,837.5,838.5,0.0010819456162683876
839.0,838.5,839.5,0.0009063394919428155
840.0,839.5,840.5,0.001175568967213603
841.0,840.5,841.5,0.0008505750350210595
842.0,841.5,842.5,0.0014589635598801227
843.0,842.5,843.5,0.0010744775501735108
844.0,843.5,844.5,0.0010295108971342503
845.0,844.5,845.5,0.0013143142736059138
846.0,845.5,846.5,0.0010216990669118632
847.0,846.5,847.5,0.001261415617511362
848.0,847.5,848.5,0.0008002315579780918
849.0,848.5,849.5,0.001147518762615808
850.0,849.5,850.5,0.0010865089504871446
851.0,850.5,851.5,0.0010984548208125768
852.0,851.5,852.5,0.0012546481156618184
853.0,852.5,853.5,0.0013210087322835776
854.0,853.5,854.5,0.00098073566321673
855.0,854.5,855.5,0.0013228730264184926
856.0,855.5,856.5,0.0013650119082930126
857.0,856.5,857.5,0.00141401914645569
858.0,857.5,858.5,0.0007609170596073478
859.0,858.5,859.5,0.0013545222189813434
860.0,859.5,860.5,0.00097707129006599
861.0,860.5,861.5,0.0011138592692168138
862.0,861.5,862.5,0.0012332921785402576
863.0,862.5,863.5,0.0008476715233116059
864.0,863.5,864.5,0.0008916838121365192
865.0,864.5,865.5,0.0016525395054081387
866.0,865.5,866.5,0.0010771141905744615
867.0,866.5,867.5,0.0013090890997196362
868.0,867.5,868.5,0.0010892823458404691
869.0,868.5,869.5,0.0011910326409146311
870.0,869.5,870.5,0.0010314833016704477
871.0,870.5,871.5,0.0013952574967113411
872.0,871.5,872.5,0.0011304556365802068
873.0,872.5,873.5,0.0010794081318498845
874.0,873.5,874.5,0.0015339592344499537
875.0,874.5,875.5,0.0012621777698632094
876.0,875.5,876.5,0.0010519006693310833
877.0,876.5,877.5,0.0012334145957468893
878.0,877.5,878.5,0.0010940200082213527
879.0,878.5,879.5,0.0013117838556563589
880.0,879.5,880.5,0.0015555966795913262
881.0,880.5,881.5,0.0008059539598713675
882.0,881.5,882.5,0.0011917668310206006
883.0,882.5,883.5,0.000716027708280905
884.0,883.5,884.5,0.0010078264049069737
885.0,884.5,885.5,0.0013177769312729302
886.0,885.5,886.5,0.00105581268244682
887.0,886.5,887.5,0.0012203859952541875
888.0,887.5,888.5,0.0011691424956875244
889.0,888.5,889.5,0.0010406927420133117
890.0,889.5,890.5,0.0012854403739778386
891.0,890.5,891.5,0.0013828937659504104
892.0,891.5,892.5,0.0011976089957219153
893.0,892.5,893.5,0.0009258852723388641
894.0,893.5,894.5,0.001184054774556633
895.0,894.5,895.5,0.001324677818236199
896.0,895.5,896.5,0.0011080060725269785
897.0,896.5,897.5,0.001140516416463978
898.0,897.5,898.5,0.0014178587766890893
899.0,898.5,899.5,0.0011048801856472473
900.0,899.5,900.5,0.0008935708860471331
901.0,900.5,901.5,0.0013128070125038769
902.0,901.5,902.5,0.001285299520788748
903.0,902.5,903.5,0.001100605122560779
904.0,903.5,904.5,0.0007591905663652145
905.0,904.5,905.5,0.0011472408352757603
906.0,905.5,906.5,0.001064067161513966
907.0,906.5,907.5,0.0013287381197312554
908.0,907.5,908.5,0.0011946449091611183
909.0,908.5,909.5,0.0011547418248399235
910.0,909.5,910.5,0.0012584140936492507
911.0,910.5,911.5,0.0007884451248377204
912.0,911.5,912.5,0.0012359519505109131
913.0,912.5,913.5,0.00093376378656884
914.0,913.5,914.5,0.0011486861799647784
915.0,914.5,915.5,0.000797177076318131
916.0,915.5,916.5,0.0012467545799978808
917.0,916.5,917.5,0.0011148296862722232
918.0,917.5,918.5,0.0008771255843253226
919.0,918.5,919.5,0.0011223953580252065
920.0,919.5,920.5,0.0010811043852628974
921.0,920.5,921.5,0.0007999198732244092
922.0,921.5,922.5,0.0010132980965682726
923.0,922.5,923.5,0.0010447955663561595
924.0,923.5,924.5,0.0009737152911765244
925.0,924.5,925.5,0.001140120571095913
926.0,925.5,926.5,0.001222851211580078
927.0,926.5,927.5,0.0010327471920705052
928.0,927.5,928.5,0.0009691868519914018
929.0,928.5,929.5,0.0013374223638878608
930.0,929.5,930.5,0.0008707619371976986
931.0,930.5,931.5,0.0010673800079154135
932.0,931.5,932.5,0.0010068635435228348
933.0,932.5,933.5,0.0010647948145588977
934.0,933.5,934.5,0.0009990379843153084
935.0,934.5,935.5,0.0009559642853603205
936.0,935.5,936.5,0.0007367127207013444
937.0,936.5,937.5,0.0009418163665295812
938.0,937.5,938.5,0.0012933724857560449
939.0,938.5,939.5,0.0010921069214557214
940.0,939.5,940.5,0.0008544806199750278
941.0,940.5,941.5,0.0010039862229962453
942.0,941.5,942.5,0.0006667921100372126
943.0,942.5,943.5,0.0011916628867533233
944.0,943.5,944.5,0.001050098380707977
945.0,944.5,945.5,0.0013283825431764705
946.0,945.5,946.5,0.0010473413221180772
947.0,946.5,947.5,0.0008240843362292554
948.0,947.5,948.5,0.0012186518309432674
949.0,948.5,949.5,0.0013474122890859647
950.0,949.5,950.5,0.001116161564370221
951.0,950.5,951.5,0.001040337419354003
952.0,951.5,952.5,0.0009444707361119489
953.0,952.5,953.5,0.0008645766627454265
954.0,953.5,954.5,0.0007194861159353149
955.0,954.5,955.5,0.0011639496101193778
956.0,955.5,956.5,0.001119275768565607
957.0,956.5,957.5,0.0008597727572598384
958.0,957.5,958.5,0.001061491266893067
959.0,958.5,959.5,0.0006368814798107115
960.0,959.5,960.5,0.0008561168054813131
961.0,960.5,961.5,0.0011968434728743516
962.0,961.5,962.5,0.0010670683103367155
963.0,962.5,963.5,0.0008524161920280401
964.0,963.5,964.5,0.001167322769462157
965.0,964.5,965.5,0.0010684767116653788
966.0,965.5,966.5,0.0008675310011373123
967.0,966.5,967.5,0.0012805364136153309
968.0,967.5,968.5,0.0012571389236249945
969.0,968.5,969.5,0.0012903680539735403
970.0,969.5,970.5,0.0008998525535225026
971.0,970.5,971.5,0.0010108019974144472
972.0,971.5,972.5,0.0008410535587477827
973.0,972.5,973.5,0.0009703979755407035
974.0,973.5,974.5,0.0008384767853683444
975.0,974.5,975.5,0.0012557722585290927
976.0,975.5,976.5,0.0007642346671409147
977.0,976.5,977.5,0.0013019405838348296
978.0,977.5,978.5,0.0009665913714311877
979.0,978.5,979.5,0.0011647371032199238
980.0,979.5,980.5,0.0012459559128378522
981.0,980.5,981.5,0.0012439725837766222
982.0,981.5,982.5,0.0009935861320552778
983.0,982.5,983.5,0.0008450276315457214
984.0,983.5,984.5,0.0008960640491479147
985.0,984.5,985.5,0.0008789146943916538
986.0,985.5,986.5,0.0010769087389480936
987.0,986.5,987.5,0.0011680575441103903
988.0,987.5,988.5,0.0007543430300337289
989.0,988.5,989.5,0.000777652419736027
990.0,989.5,990.5,0.001099533364556476
991.0,990.5,991.5,0.0007252052024868555
992.0,991.5,992.5,0.0009308421135894492
993.0,992.5,993.5,0.0010163922025944838
994.0,993.5,994.5,0.0007143282249574517
995.0,994.5,995.5,0.0009261205136440496
996.0,995.5,996.5,0.0010001814384424637
997.0,996.5,997.5,0.0010613923590962028
998.0,997.5,998.5,0.0009029306307079994
999.0,998.5,999.5,0.0013592026972880384
1000.0,999.5,1000.5,0.0010604750565676912
1001.0,1000.5,1001.5,0.0007841635635107473
1002.0,1001.5,1002.5,0.0008806345949148526
1003.0,1002.5,1003.5,0.0009133309126152026
1004.0,1003.5,1004.5,0.0008296583606894614
1005.0,1004.5,1005.5,0.0008361449869059445
1006.0,1005.5,1006.5,0.0010492745777115453
1007.0,1006.5,1007.5,0.0007758448868307753
1008.0,1007.5,1008.5,0.0009504561769314528
1009.0,1008.5,1009.5,0.0005929592092245683
1010.0,1009.5,1010.5,0.0010873066050084168
1011.0,1010.5,1011.5,0.0013654029179983162
1012.0,1011.5,1012.5,0.0009120931749360063
1013.0,1012.5,1013.5,0.0011211978274159617
1014.0,1013.5,1014.5,0.0008356120108031958
1015.0,1014.5,1015.5,0.0011815840053734084
1016.0,1015.5,1016.5,0.001186316685192582
1017.0,1016.5,1017.5,0.001194480503871693
1018.0,1017.5,1018.5,0.0008552975019836534
1019.0,1018.5,1019.5,0.000793320099927521
1020.0,1019.5,1020.5,0.0007524700626968949
1021.0,1020.5,1021.5,0.0008246675050332402
1022.0,1021.5,1022.5,0.0009877078946483693
1023.0,1022.5,1023.5,0.0005776234385267723
1024.0,1023.5,1024.5,0.0011859621810325306
1025.0,1024.5,1025.5,0.0009589883028143854
1026.0,1025.5,1026.5,0.0005742742250092103
1027.0,1026.5,1027.5,0.0010529035563991245
1028.0,1027.5,1028.5,0.0010459972857331536
1029.0,1028.5,1029.5,0.0010826033439808333
1030.0,1029.5,1030.5,0.0006077612718725902
1031.0,1030.5,1031.5,0.0007961044607432956
1032.0,1031.5,1032.5,0.0007566849098025559
1033.0,1032.5,1033.5,0.001208275480388438
1034.0,1033.5,1034.5,0.0015575568708151792
1035.0,1034.5,1035.5,0.0011282070972340418
1036.0,1035.5,1036.5,0.0008006578646405331
1037.0,1036.5,1037.5,0.0008133005695055124
1038.0,1037.5,1038.5,0.0010252330142127345
1039.0,1038.5,1039.5,0.0008952433282302394
1040.0,1039.5,1040.5,0.0010635768019825991
1041.0,1040.5,1041.5,0.000990624976954638
1042.0,1041.5,1042.5,0.0009267888130540065
1043.0,1042.5,1043.5,0.000937194942616548
1044.0,1043.5,1044.5,0.000675060885486656
1045.0,1044.5,1045.5,0.0006315448954582404
1046.0,1045.5,1046.5,0.0013024506113435883
1047.0,1046.5,1047.5,0.0014674077422171042
1048.0,1047.5,1048.5,0.0008367438729599775
1049.0,1048.5,1049.5,0.0008182669153738494
1050.0,1049.5,1050.5,0.0006196819724428327
1051.0,1050.5,1051.5,0.0007898325860285616
1052.0,1051.5,1052.5,0.0006533233122741799
1053.0,1052.5,1053.5,0.0005794798982751039
1054.0,1053.5,1054.5,0.0010600812283704769
1055.0,1054.5,1055.5,0.0006851525110726263
1056.0,1055.5,1056.5,0.0008635697326881092
1057.0,1056.5,1057.5,0.0010914626126150068
1058.0,1057.5,1058.5,0.0004298948353426489
1059.0,1058.5,1059.5,0.00089874792884603
1060.0,1059.5,1060.5,0.0006657772209420226
1061.0,1060.5,1061.5,0.0006761627434092524
1062.0,1061.5,1062.5,0.000568132570527531
1063.0,1062.5,1063.5,0.0009447721826334215
1064.0,1063.5,1064.5,0.000895521372305661
1065.0,1064.5,1065.5,0.0009875600040347274
1066.0,1065.5,1066.5,0.0011730125062475822
1067.0,1066.5,1067.5,0.0007490272949766816
1068.0,1067.5,1068.5,0.000467077858729528
1069.0,1068.5,1069.5,0.0011184298083573867
1070.0,1069.5,1070.5,0.0010600763399723294
1071.0,1070.5,1071.5,0.0008349802330163148
1072.0,1071.5,1072.5,0.0008330559694203024
1073.0,1072.5,1073.5,0.0007203123355427424
1074.0,1073.5,1074.5,0.0010134681499371963
1075.0,1074.5,1075.5,0.00027575693045611596
1076.0,1075.5,1076.5,0.0009628947839525803
1077.0,1076.5,1077.5,0.0007319146961255747
1078.0,1077.5,1078.5,0.0009388203050824848
1079.0,1078.5,1079.5,0.001229294433774106
1080.0,1079.5,1080.5,0.0004360478051537758
1081.0,1080.5,1081.5,0.0007250203005914563
1082.0,1081.5,1082.5,0.0007458955787788594
1083.0,1082.5,1083.5,0.0009199934858908872
1084.0,1083.5,1084.5,0.0008098119439598503
1085.0,1084.5,1085.5,0.0006732193831933548
1086.0,1085.5,1086.5,0.0009670955283869262
1087.0,1086.5,1087.5,0.0007146320177361087
1088.0,1087.5,1088.5,0.0012297448842404236
1089.0,1088.5,1089.5,0.0013334208574888294
1090.0,1089.5,1090.5,0.000620741331944077
1091.0,1090.5,1091.5,0.0006065813475769296
1092.0,1091.5,1092.5,0.0006618155085160215
1093.0,1092.5,1093.5,0.0007482057066299042
1094.0,1093.5,1094.5,0.0008956230623814115
1095.0,1094.5,1095.5,0.0003941460765605611
1096.0,1095.5,1096.5,0.0007863273706250878
1097.0,1096.5,1097.5,0.000933763487869255
1098.0,1097.5,1098.5,0.00043466336924533424
1099.0,1098.5,1099.5,0.0007153901416092981
1100.0,1099.5,1100.5,0.0011676839952331664
1101.0,1100.5,1101.5,0.0009058994721193881
1102.0,1101.5,1102.5,0.0007745134377464885
1103.0,1102.5,1103.5,0.00128756759714406
1104.0,1103.5,1104.5,0.0007277573983253249
1105.0,1104.5,1105.5,0.0008051913755708598
1106.0,1105.5,1106.5,0.0007666159233960344
1107.0,1106.5,1107.5,0.0006371992982444709
1108.0,1107.5,1108.5,0.0007626615044439784
1109.0,1108.5,1109.5,0.0008874634957349199
1110.0,1109.5,1110.5,0.001062185133553979
1111.0,1110.5,1111.5,0.0005044823660315383
1112.0,1111.5,1112.5,0.001006323568144808
1113.0,1112.5,1113.5,0.0010538655134485781
1114.0,1113.5,1114.5,0.000875908596246264
1115.0,1114.5,1115.5,0.000798715579987755
1116.0,1115.5,1116.5,0.0009957497229571976
1117.0,1116.5,1118.0,0.0008689661603742921
1119.0,1118.0,1119.5,0.0007761371476161606
1120.0,1119.5,1120.5,0.0004925816367534522
1121.0,1120.5,1121.5,0.0008187625148888732
1122.0,1121.5,1122.5,0.0010288595009562938
1123.0,1122.5,1123.5,0.0008725150331472396
1124.0,1123.5,1124.5,0.0010963878727880268
1125.0,1124.5,1125.5,0.0009719167169619873
1126.0,1125.5,1126.5,0.0006784862256563044
1127.0,1126.5,1127.5,0.0004833074998694056
1128.0,1127.5,1128.5,0.000963963648750152
1129.0,1128.5,1129.5,0.0008010933550867554
1130.0,1129.5,1130.5,0.000838827652345173
1131.0,1130.5,1131.5,0.000876340790380991
1132.0,1131.5,1132.5,0.0005243457729101983
1133.0,1132.5,1133.5,0.0007922530528621384
1134.0,1133.5,1134.5,0.0005925320718029696
1135.0,1134.5,1135.5,0.0006302659645590762
1136.0,1135.5,1136.5,0.00023568665023055934
1137.0,1136.5,1137.5,0.0008225825288139919
1138.0,1137.5,1138.5,0.00023436053534910473
1139.0,1138.5,1139.5,0.00046739505522477897
1140.0,1139.5,1140.5,0.0006991037002167716
1141.0,1140.5,1141.5,0.0006390220732125723
1142.0,1141.5,1142.5,0.0006951264797459632
1143.0,1142.5,1144.0,0.0005545105625332827
1145.0,1144.0,1145.5,0.0009954569008255676
1146.0,1145.5,1146.5,0.0012598209685037408
1147.0,1146.5,1147.5,0.0006090560281890153
1148.0,1147.5,1148.5,0.0005313788463438659
1149.0,1148.5,1149.5,0.001135358550375971
1150.0,1149.5,1150.5,0.0004528195538017174
1151.0,1150.5,1151.5,0.0007336810055567928
1152.0,1151.5,1152.5,0.0007202764621177274
1153.0,1152.5,1153.5,0.00022442496488375417
1154.0,1153.5,1154.5,0.0006712911689081541
1155.0,1154.5,1155.5,0.0006693080354370466
1156.0,1155.5,1156.5,0.0007229359838655366
1157.0,1156.5,1157.5,0.0005544530521087093
1158.0,1157.5,1158.5,0.0003869614475129201
1159.0,1158.5,1159.5,0.00035273707165508084
1160.0,1159.5,1160.5,0.0007912827301910362
1161.0,1160.5,1161.5,0.0005478527564047957
1162.0,1161.5,1162.5,0.0007100655636163134
1163.0,1162.5,1163.5,0.0008712903835297476
1164.0,1163.5,1164.5,0.0004886184691444011
1165.0,1164.5,1165.5,0.000541263064731411
1166.0,1165.5,1166.5,0.000323770486196136
1167.0,1166.5,1167.5,0.0008607562726913153
1168.0,1167.5,1168.5,0.0005363286684422703
1169.0,1168.5,1169.5,0.0006416225931949948
1170.0,1169.5,1170.5,0.0007817966512502459
1171.0,1170.5,1171.5,0.0004959749409988411
1172.0,1171.5,1172.5,0.0008476178734973338
1173.0,1172.5,1174.0,0.000422497231645969
1175.0,1174.0,1175.5,0.000839752205837204
1176.0,1175.5,1176.5,0.0005580889541669444
1177.0,1176.5,1177.5,0.0006780444728546643
1178.0,1177.5,1178.5,0.0005546005139264291
1179.0,1178.5,1179.5,0.0010366086960945445
1180.0,1179.5,1180.5,0.0007233405094062451
1181.0,1180.5,1181.5,0.0007210564720106983
1182.0,1181.5,1182.5,0.0008214560068656442
1183.0,1182.5,1183.5,0.0005458995369063976
1184.0,1183.5,1185.0,0.0007142139112152496
1186.0,1185.0,1186.5,0.0006082804026419042
1187.0,1186.5,1187.5,0.0006063311313357886
1188.0,1187.5,1188.5,0.0003525569620733215
1189.0,1188.5,1189.5,0.0006024371249891786
1190.0,1189.5,1190.5,0.000867377970642149
1191.0,1190.5,1191.5,0.0007980657835765157
1192.0,1191.5,1192.5,0.0010606361595196685
1193.0,1192.5,1193.5,0.0005285937533965502
1194.0,1193.5,1194.5,0.0005927297613011269
1195.0,1194.5,1195.5,0.0009846553848234121
1196.0,1195.5,1196.5,0.0008342160754543703
1197.0,1196.5,1197.5,0.000717353159062292
1198.0,1197.5,1198.5,0.0008774909591625239
1199.0,1198.5,1199.5,0.0005830644131358766
1200.0,1199.5,1200.5,0.0007748488765440688
1201.0,1200.5,1201.5,0.0006435674775934357
1202.0,1201.5,1202.5,0.0004810722121111106
1203.0,1202.5,1204.0,0.0007671526073353955
1205.0,1204.0,1205.5,0.0004445200523618744
1206.0,1205.5,1206.5,0.0005696093541171744
1207.0,1206.5,1207.5,0.00037846326509061114
1208.0,1207.5,1208.5,0.0011315648710746105
1209.0,1208.5,1209.5,0.00046989332589064366
1210.0,1209.5,1210.5,0.0008429453810278829
1211.0,1210.5,1212.0,0.0004978286643397601
1213.0,1212.0,1213.5,0.0003090282500187959
1214.0,1213.5,1214.5,0.0005543508380128268
1215.0,1214.5,1215.5,0.00046037748371151793
1216.0,1215.5,1216.5,0.000734076399623156
1217.0,1216.5,1217.5,0.00036577587869080847
1218.0,1217.5,1218.5,0.00036451503834336536
1219.0,1218.5,1219.5,0.0005448835401302517
1220.0,1219.5,1220.5,0.00018099892924321463
1221.0,1220.5,1221.5,0.000450926935026872
1222.0,1221.5,1222.5,0.0003594867764186989
1223.0,1222.5,1223.5,0.000716467115970369
1224.0,1223.5,1225.0,0.00035698190694178256
1226.0,1225.0,1226.5,0.0005317250452142258
1227.0,1226.5,1227.5,0.0007947821228910271
1228.0,1227.5,1228.5,0.0007919803306272749
1229.0,1228.5,1229.5,0.00046766353899324576
1230.0,1229.5,1230.5,0.0005242585519916542
1231.0,1230.5,1231.5,0.0003482654129178045
1232.0,1231.5,1232.5,0.0006940536050808007
1233.0,1232.5,1233.5,0.0006915797672668645
1234.0,1233.5,1234.5,0.0006891093390943586
1235.0,1234.5,1235.5,0.00025749088015816426
1236.0,1235.5,1236.5,0.0003420894087993248
1237.0,1236.5,1237.5,0.0005680989806656124
1238.0,1237.5,1238.5,0.0005943544693506357
1239.0,1238.5,1239.5,0.0006768092650833378
1240.0,1239.5,1240.5,0.00016858996140866134
1241.0,1240.5,1241.5,0.00033595700890453315
1242.0,1241.5,1242.5,0.0006694718068986265
1243.0,1242.5,1243.5,0.001000549857027785
1244.0,1243.5,1245.0,0.0004984487520802366
1246.0,1245.0,1246.5,0.00045357099703905633
1247.0,1246.5,1247.5,0.0004108224243178571
1248.0,1247.5,1248.5,0.0006548958907094459
1249.0,1248.5,1249.5,0.0005709197300720312
1250.0,1249.5,1251.0,0.0004062920657416804
1252.0,1251.0,1252.5,0.0006452540657674783
1253.0,1252.5,1253.5,0.0008035665744135257
1254.0,1253.5,1254.5,0.0005603993148994271
1255.0,1254.5,1255.5,0.00031903169490716057
1256.0,1255.5,1256.5,0.00039729648257787653
1257.0,1256.5,1258.0,0.00023748349854139673
1259.0,1258.0,1259.5,0.0005761536538345909
1260.0,1259.5,1260.5,0.0003913489219117868
1261.0,1260.5,1262.0,0.0003118946775633488
1263.0,1262.0,1263.5,0.0006190637932427311
1264.0,1263.5,1264.5,0.0004625303956716483
1265.0,1264.5,1265.5,0.000383971715517817
1266.0,1265.5,1266.5,0.0005355056578067493
1267.0,1266.5,1268.0,0.000609662378782831
1269.0,1268.0,1269.5,0.0009074802917281909
1270.0,1269.5,1270.5,0.00037665966975136933
1271.0,1270.5,1271.5,0.0004502462663485919
1272.0,1271.5,1272.5,0.0005481717373861831
1273.0,1272.5,1273.5,0.00029784351053298394
1274.0,1273.5,1274.5,0.0008158876589125094
1275.0,1274.5,1275.5,0.0005171801393961947
1276.0,1275.5,1277.0,0.0005887575611304847
1278.0,1277.0,1280.0,0.0005354798531304498
1282.0,1280.0,1282.5,0.00043126325765936426
1283.0,1282.5,1283.5,0.0005727433429269903
1284.0,1283.5,1284.5,0.0007130919094968059
1285.0,1284.5,1285.5,0.0007102603106723
1286.0,1285.5,1286.5,0.00042446064241418254
1287.0,1286.5,1287.5,0.0005636913689349508
1288.0,1287.5,1288.5,0.0002807199014019904
1289.0,1288.5,1290.0,0.0004193946313259303
1291.0,1290.0,1291.5,0.0004853737016349969
1292.0,1291.5,1292.5,0.0005524797560101474
1293.0,1292.5,1294.0,0.0006878142265708638
1295.0,1294.0,1295.5,0.0002729043545729766
1296.0,1295.5,1296.5,0.00013589861084801672
1297.0,1296.5,1298.5,0.00033836556996897434
1300.0,1298.5,1301.0,0.00013369621907054059
1302.0,1301.0,1302.5,0.0005304088011252037
1303.0,1302.5,1303.5,0.0005282279921447838
1304.0,1303.5,1305.0,0.00013151300534663322
1306.0,1305.0,1307.0,0.00026085732548559803
1308.0,1307.0,1309.0,0.00025869840051330077
1310.0,1309.0,1310.5,0.0001282746449878396
1311.0,1310.5,1311.5,0.00012773921584123495
1312.0,1311.5,1312.5,0.0003816150700533536
1313.0,1312.5,1313.5,0.00025334414142541616
1314.0,1313.5,1314.5,0.0005676316248542499
1315.0,1314.5,1317.5,0.00025121979511890557
1320.0,1317.5,1320.5,0.0004919055103387805
1321.0,1320.5,1322.0,0.00024490690740891854
1323.0,1322.0,1324.0,0.00024282281767081727
1325.0,1324.0,1326.5,0.0004213105847049785
1328.0,1326.5,1328.5,0.00035648582020503835
1329.0,1328.5,1330.0,0.00023663178369022052
1331.0,1330.0,1331.5,0.00023458865543427932
1332.0,1331.5,1333.0,0.0003503564499746916
1334.0,1333.0,1336.0,0.00023154336338494964
1338.0,1336.0,1339.5,0.0004550387624266006
1341.0,1339.5,1341.5,0.00044905770515797774
1342.0,1341.5,1342.5,0.0003353058928013142
1343.0,1342.5,1343.5,0.00011127415191907993
1344.0,1343.5,1345.0,0.0004431239646623807
1346.0,1345.0,1347.0,0.00043919452770285674
1348.0,1347.0,1348.5,0.0003264647033646989
1349.0,1348.5,1349.5,0.0003791725901811911
1350.0,1349.5,1350.5,0.00032354943810410504
1351.0,1350.5,1354.0,0.00026841482560133537
1357.0,1354.0,1358.5,0.0008359253239998628
1360.0,1358.5,1360.5,0.00015460667683362412
1361.0,1360.5,1361.5,0.0003078018707346388
1362.0,1361.5,1364.0,0.0005106573772934183
1366.0,1364.0,1366.5,0.0007018785771146152
1367.0,1366.5,1367.5,0.00039922387248854597
1368.0,1367.5,1368.5,0.00029803476260658777
1369.0,1368.5,1369.5,9.88852273698826e-05
1370.0,1369.5,1372.0,0.0001968537771187712
1374.0,1372.0,1375.5,0.00019321419524767898
1377.0,1375.5,1378.0,0.0004762825953999175
1379.0,1378.0,1382.0,0.00023590734151694172
1385.0,1382.0,1385.5,0.00036685957948222455
1386.0,1385.5,1386.5,9.127832906345348e-05
1387.0,1386.5,1387.5,0.0001816862568234874
1388.0,1387.5,1390.0,0.00027122787966273704
1392.0,1390.0,1394.0,0.00044343806002897365
1396.0,1394.0,1397.0,0.0003479511758010051
1398.0,1397.0,1400.0,0.00017229217018275151
1402.0,1400.0,1402.5,0.00025343719848630906
1403.0,1402.5,1404.0,0.0002521971813240528
1405.0,1404.0,1408.0,4.1621573218066e-05
1411.0,1408.0,1416.5,0.00016161632501669336
1422.0,1416.5,1423.0,0.00011470707015570164
1424.0,1423.0,1426.0,0.0001514010633973605
1428.0,1426.0,1433.5,0.0002225252458837212
1439.0,1433.5,1440.0,0.0001401826908100986
1441.0,1440.0,1444.5,6.9366298268014e-05
1448.0,1444.5,1453.0,6.687065692365595e-05
1458.0,1453.0,1461.5,0.0002536723469402715
1465.0,1461.5,1470.0,0.00018323814394851935
1475.0,1470.0,1475.5,0.00034709154145957775
1476.0,1475.5,1480.0,5.75325799493636e-05
1484.0,1480.0,1488.5,5.505030294004588e-05
1493.0,1488.5,1497.0,0.00015706225788013277
1501.0,1497.0,1501.5,5.004180069019755e-05
1502.0,1501.5,1507.0,9.951656587611406e-05
1512.0,1507.0,1515.5,4.6989681162387224e-05
1519.0,1515.5,1524.0,0.0001353682902199543
1529.0,1524.0,1533.5,0.00017022110190003368
1538.0,1533.5,1546.5,0.0001613704244256804
1555.0,1546.5,1563.5,0.00010922691914005399
